47.254.66.75, 47.254.66.75, US
8.219.140.63, 8.219.140.63, SG
47.243.203.119, 47.243.203.119, HK
8.219.170.232, 8.219.170.232, SG
8.218.18.235, 8.218.18.235, HK
8.210.39.96, 8.210.39.96, HK
8.219.103.65, 8.219.103.65, SG
8.218.149.193, 8.218.149.193, HK
8.219.241.189, 8.219.241.189, SG
47.76.77.103, 47.76.77.103, HK
47.76.166.54, 8.219.212.74, SG
8.211.55.176, 8.211.55.176, DE
8.222.181.139, 8.222.175.6, SG
8.218.201.73, 8.218.201.73, HK
47.236.111.174, 47.236.111.174, SG
8.222.226.15, 8.222.226.15, SG
8.222.212.255, 8.222.212.255, SG
47.245.100.33, 47.245.100.33, SG
47.243.107.148, 47.243.107.148, HK
8.222.198.105, 8.222.198.105, SG
8.219.12.152, 8.219.12.152, SG
8.218.146.204, 8.218.146.204, HK
147.139.38.39, 147.139.38.39, IN
8.219.222.8, 8.219.222.8, SG
8.219.106.156, 8.219.106.156, SG
47.242.176.237, 47.242.176.237, HK
8.210.65.1, 8.210.65.1, HK
8.219.248.57, 8.219.248.57, SG
47.236.110.238, 47.236.110.238, SG
8.219.156.148, 8.219.156.148, SG
8.219.151.193, 8.219.151.193, SG
8.217.207.60, 8.217.207.60, HK
8.219.104.242, 8.219.104.242, SG
8.219.98.13, 8.219.98.13, SG
47.88.101.9, 47.88.101.9, US
8.219.13.143, 8.219.13.143, SG
161.117.248.198, 161.117.248.198, SG
8.217.193.25, 8.217.193.25, HK
8.218.158.94, 8.218.158.94, HK
8.222.209.223, 8.222.209.223, SG
149.129.236.0, 149.129.236.0, ID
8.217.251.62, 8.217.251.62, HK
8.210.21.65, 8.210.21.65, HK
8.219.144.168, 8.219.144.168, SG
8.219.74.35, 8.219.74.35, SG
8.218.243.95, 8.218.243.95, HK
8.212.19.60, 47.88.63.119, US
8.222.236.229, 8.222.236.229, SG
8.219.193.22, 8.219.193.22, SG
8.219.78.1, 8.219.78.1, SG
8.219.175.233, 8.219.175.233, SG
8.219.58.64, 8.219.58.64, SG
8.219.72.51, 8.219.72.51, SG
8.218.211.17, 8.218.211.17, HK
8.219.250.239, 8.219.250.239, SG
8.218.85.128, 8.218.85.128, HK
47.243.20.164, 47.243.20.164, HK
8.219.245.187, 8.219.245.187, SG
47.241.209.61, 8.222.175.6, SG
8.219.110.248, 8.219.110.248, SG
47.236.121.7, 47.236.121.7, SG
47.242.227.148, 47.242.227.148, HK
8.219.87.34, 8.219.87.34, SG
47.57.233.126, 47.254.17.16, US
8.210.3.24, 8.210.3.24, HK
47.236.116.26, 47.236.116.26, SG
8.217.250.222, 8.217.250.222, HK
8.219.40.38, 8.219.40.38, SG
8.219.228.193, 8.219.228.193, SG
8.210.156.6, 8.210.156.6, HK
8.218.18.132, 8.218.18.132, HK
8.222.138.164, 8.222.138.164, SG
8.213.132.65, 8.213.132.65, SG
8.219.193.202, 8.219.193.202, SG
47.236.11.84, 47.236.11.84, SG
8.219.228.157, 8.219.228.157, SG
47.242.242.233, 47.242.242.233, HK
47.236.130.95, 47.236.130.95, SG
8.222.219.34, 8.222.219.34, SG
8.219.199.220, 8.219.199.220, SG
8.219.142.229, 8.219.142.229, SG
47.76.50.48, 47.76.50.48, HK
8.219.51.211, 8.219.51.211, SG
8.219.193.97, 8.219.193.97, SG
8.219.238.145, 8.219.238.145, SG
47.76.48.218, 5.9.106.85, DE
8.219.222.98, 8.219.222.98, SG
8.219.247.203, 8.219.247.203, SG
8.217.149.28, 8.217.149.28, HK
8.219.206.53, 8.219.206.53, SG
8.219.124.227, 8.219.124.227, SG
8.218.148.106, 8.218.148.106, HK
8.219.210.64, 8.219.210.64, SG
8.222.222.64, 8.222.222.64, SG
8.210.192.93, 8.210.192.93, HK
8.219.4.122, 8.219.4.122, SG
8.222.175.6, 8.222.175.6, SG
8.219.73.21, 8.219.73.21, SG
8.217.49.34, 8.217.49.34, HK
8.210.66.190, 8.210.66.190, HK
8.219.3.53, 8.219.3.53, SG
47.240.51.188, 47.240.51.188, HK
8.219.198.139, 8.219.198.139, SG
8.218.2.181, 8.218.2.181, HK
8.218.22.210, 8.218.22.210, HK
47.76.176.242, 47.76.176.242, HK
8.222.223.34, 8.222.223.34, SG
47.242.68.32, 47.242.68.32, HK
47.243.161.235, 47.243.161.235, HK
47.76.32.21, 47.76.32.21, HK
8.219.140.229, 8.219.140.229, SG
47.243.70.197, 47.243.70.197, HK
8.222.144.117, 8.222.144.117, SG
8.210.117.18, 8.210.117.18, HK
8.222.137.192, 8.222.137.192, SG
8.219.179.34, 8.219.179.34, SG
47.243.173.187, 47.243.173.187, HK
8.222.255.15, 8.222.255.15, SG
8.219.240.160, 8.219.240.160, SG
8.219.186.189, 8.219.186.189, SG
8.222.211.16, 8.222.211.16, SG
8.219.201.174, 8.219.201.174, SG
8.218.11.90, 8.218.11.90, HK
8.219.101.138, 8.219.101.138, SG
47.236.87.210, 47.236.87.210, SG
8.219.206.180, 8.219.206.180, SG
8.219.40.255, 8.219.40.255, SG
8.217.210.49, 8.217.210.49, HK
47.242.79.71, 47.242.79.71, HK
47.76.56.2, 47.76.56.2, HK
8.219.201.245, 8.219.201.245, SG
47.242.54.157, 47.242.54.157, HK
8.219.70.151, 8.219.70.151, SG
8.222.212.172, 8.222.212.172, SG
8.217.179.49, 8.217.179.49, HK
47.76.177.37, 47.76.177.37, HK
47.242.60.161, 47.242.60.161, HK
8.219.237.250, 8.219.237.250, SG
8.219.84.102, 8.219.84.102, SG
8.222.244.123, 8.222.244.123, SG
8.222.140.87, 8.222.140.87, SG
8.217.159.210, 8.217.159.210, HK
47.236.20.182, 5.9.106.85, DE
8.210.119.11, 8.210.119.11, HK
8.222.197.251, 8.222.197.251, SG
47.245.108.213, 47.245.108.213, SG
8.219.197.111, 8.219.197.111, SG
8.219.102.252, 8.219.102.252, SG
47.236.145.85, 47.236.145.85, SG
8.218.52.115, 8.218.52.115, HK
8.219.111.147, 8.219.111.147, SG
47.236.21.211, 47.236.21.211, SG
8.218.119.115, 8.218.119.115, HK
8.222.214.13, 8.222.214.13, SG
8.217.45.226, 8.217.45.226, HK
8.219.42.72, 8.219.42.72, SG
8.212.43.8, 47.254.42.140, US
47.89.191.155, 47.89.191.155, US
8.219.100.155, 8.219.100.155, SG
47.245.96.163, 47.245.96.163, SG
47.236.115.54, 47.236.115.54, SG
8.219.67.133, 8.219.67.133, SG
8.219.142.191, 8.219.142.191, SG
8.219.99.8, 8.219.99.8, SG
8.219.157.97, 8.219.157.97, SG
8.222.193.208, 8.222.193.208, SG
47.242.171.94, 47.242.171.94, HK
8.222.199.55, 8.222.199.55, SG
8.219.6.157, 8.219.6.157, SG
8.222.152.165, 8.222.152.165, SG
8.222.208.83, 8.222.208.83, SG
8.222.224.17, 8.222.224.17, SG
8.219.212.74, 8.219.212.74, SG
8.218.65.237, 8.218.65.237, HK
8.222.208.38, 8.222.208.38, SG
47.245.95.231, 47.245.95.231, SG
8.219.164.237, 8.219.164.237, SG
47.243.42.219, 47.243.42.219, HK
47.254.65.110, 47.254.65.110, US
8.217.85.14, 8.217.85.14, HK
47.245.111.136, 47.245.111.136, SG
8.219.106.15, 8.219.106.15, SG
8.222.128.131, 8.222.128.131, SG
8.219.174.142, 8.219.174.142, SG
8.219.72.50, 8.219.72.50, SG
8.219.213.112, 8.219.213.112, SG
8.219.5.10, 8.219.5.10, SG
8.217.248.220, 8.217.248.220, HK
8.222.221.86, 8.222.221.86, SG
8.219.103.57, 8.219.103.57, SG
8.219.175.127, 8.219.175.127, SG
8.219.73.188, 8.219.73.188, SG
8.219.235.164, 8.219.235.164, SG
47.245.107.174, 47.245.107.174, SG
47.236.117.48, 47.236.117.48, SG
8.222.164.209, 8.222.164.209, SG
8.219.152.195, 8.219.152.195, SG
8.219.54.203, 8.219.54.203, SG
8.218.142.95, 8.218.142.95, HK
8.222.249.98, 8.222.249.98, SG
8.222.252.150, 8.222.252.150, SG
47.236.87.206, 47.236.87.206, SG
8.222.180.242, 8.222.180.242, SG
47.252.36.84, 195.201.198.107, DE
8.210.107.246, 8.210.107.246, HK
8.210.245.224, 8.210.245.224, HK
8.219.170.180, 8.219.170.180, SG
47.251.74.226, 91.149.239.198, US
8.219.161.129, 8.219.161.129, SG
8.219.137.50, 8.219.137.50, SG
8.219.52.156, 8.219.52.156, SG
47.89.244.253, 47.89.244.253, US
8.222.226.92, 8.222.226.92, SG
8.219.111.175, 8.219.111.175, SG
8.222.213.221, 8.222.213.221, SG
8.219.145.245, 8.219.145.245, SG
8.219.126.240, 8.219.126.240, SG
8.219.97.179, 8.219.97.179, SG
8.219.114.201, 8.219.114.201, SG
47.243.179.249, 47.243.179.249, HK
47.88.15.127, 47.88.15.127, US
47.242.17.250, 47.242.17.250, HK
47.243.183.127, 47.243.183.127, HK
8.219.60.68, 8.219.60.68, SG
8.218.126.53, 8.218.126.53, HK
47.57.245.232, 47.89.249.212, US
8.222.221.109, 8.222.221.109, SG
8.219.159.232, 8.219.159.232, SG
8.219.60.54, 8.219.60.54, SG
149.129.8.215, 47.88.8.186, US
8.222.205.210, 8.222.205.210, SG
8.218.48.92, 8.218.48.92, HK
8.219.61.52, 8.219.61.52, SG
8.219.103.126, 8.219.103.126, SG
8.218.204.128, 8.218.204.128, HK
8.219.122.96, 8.219.122.96, SG
8.222.212.219, 8.222.212.219, SG
8.219.141.174, 8.219.141.174, SG
8.219.215.214, 8.219.215.214, SG
47.243.118.63, 47.243.118.63, HK
47.252.41.202, 47.252.41.202, US
8.219.84.214, 8.219.84.214, SG
8.219.0.162, 8.219.0.162, SG
8.219.195.47, 8.219.195.47, SG
8.219.50.180, 8.219.50.180, SG
47.236.104.98, 47.236.104.98, SG
8.219.170.223, 8.219.170.223, SG
8.219.174.213, 8.219.174.213, SG
8.222.157.86, 8.222.157.86, SG
47.245.86.230, 47.245.86.230, SG
8.222.156.206, 8.222.156.206, SG
8.212.7.210, 8.212.22.216, HK
47.245.115.6, 47.245.115.6, SG
8.222.254.91, 8.222.254.91, SG
47.236.12.195, 47.236.12.195, SG
8.219.251.81, 8.219.251.81, SG
8.222.156.205, 8.222.156.205, SG
8.222.193.65, 8.222.193.65, SG
8.222.214.231, 8.222.214.231, SG
8.219.66.156, 8.219.66.156, SG
47.242.59.216, 47.242.59.216, HK
8.219.199.70, 8.219.199.70, SG
8.217.25.36, 8.217.25.36, HK
8.219.190.62, 8.219.190.62, SG
8.208.14.132, 2a01:4f9:2a:2171::2, DE
47.236.113.184, 47.236.113.184, SG
8.219.255.169, 159.69.57.44, DE
8.210.23.35, 8.210.23.35, HK
8.222.239.69, 8.222.239.69, SG
8.218.174.118, 8.218.174.118, HK
47.236.112.218, 47.236.112.218, SG
8.219.200.145, 8.219.200.145, SG
8.222.210.182, 8.222.210.182, SG
8.210.9.129, 8.210.9.129, HK
8.213.137.24, 8.213.137.24, SG
8.222.221.90, 8.222.221.90, SG
8.219.248.47, 8.219.248.47, SG
8.210.146.108, 8.210.146.108, HK
8.217.221.165, 8.217.221.165, HK
47.57.14.118, 47.254.95.194, US
8.219.228.186, 8.219.228.186, SG
147.139.162.163, 147.139.162.163, ID
8.218.188.129, 8.218.188.129, HK
47.243.167.47, 47.243.167.47, HK
8.219.196.24, 8.219.196.24, SG
8.218.156.91, 8.218.156.91, HK
8.209.254.163, 8.209.254.163, JP
8.217.164.10, 8.217.164.10, HK
8.219.198.34, 8.219.198.34, SG
47.76.32.108, 47.76.32.108, HK
8.219.196.117, 8.219.196.117, SG
47.76.49.246, 47.76.49.246, HK
47.236.116.182, 47.236.116.182, SG
8.217.239.116, 8.217.239.116, HK
8.218.8.142, 8.218.8.142, HK
8.219.167.65, 8.219.167.65, SG
47.251.17.222, 47.251.17.222, US
8.219.201.8, 8.219.201.8, SG
