18.135.188.86, 3.11.152.188, GB
18.198.227.161, 3.68.128.205, DE
35.178.18.199, 2a05:d01c:8af:cc00:2410:1051:d699:81d0, GB
35.183.163.195, 3.96.204.150, CA
13.60.17.175, 13.60.17.175, SE
18.193.131.26, 2a05:d014:ed:9600:f52b:ab01:6bb:bc9d, DE
34.245.235.247, 34.245.235.247, IE
13.124.81.29, 2406:da12:e19:d00:4c5d:66dd:5876:e2fe, KR
3.126.30.112, 3.126.30.112, DE
18.158.221.203, 18.158.221.203, DE
54.228.135.78, 85.10.199.124, DE
18.189.94.250, 3.13.180.72, US
35.180.190.13, 35.180.190.13, FR
3.74.49.118, 3.74.49.118, DE
35.178.199.125, 35.178.199.125, GB
65.0.126.220, 65.0.126.220, IN
16.171.236.53, 16.171.236.53, SE
3.75.172.64, 2a05:d014:1f24:d00:cf7a:89ca:a69e:c883, DE
3.71.220.179, 3.71.220.179, DE
18.163.233.64, 18.163.233.64, HK
204.110.223.127, 204.110.223.127, US
204.110.223.67, 204.110.223.67, US
18.193.228.179, 2a05:d014:479:800:8cb3:95d1:3cde:aa85, DE
52.30.219.130, 213.239.219.157, DE
13.212.174.119, 2406:da18:e5e:3100:58f7:cc57:8f52:41de, SG
52.197.230.94, 43.206.69.151, JP
18.183.2.128, 18.183.2.128, JP
13.250.22.76, 2406:da18:618:7e00:ce20:ada8:8c3b:960a, SG
3.75.83.244, 3.75.83.244, DE
54.67.9.16, 54.67.9.16, US
13.50.113.146, 13.50.113.146, SE
52.193.4.149, 52.193.4.149, JP
54.238.164.215, 54.238.164.215, JP
15.236.45.188, 15.236.45.188, FR
34.247.80.7, 34.247.80.7, IE
35.183.128.185, 35.183.128.185, CA
13.51.109.32, 13.51.109.32, SE
18.192.93.64, 2a05:d014:ed:9600:f52b:ab01:6bb:bc9d, DE
18.184.167.55, 2a05:d014:65:8400:9e98:f214:6d74:765f, DE
3.67.25.193, 18.197.218.69, DE
99.79.40.211, 99.79.40.211, CA
3.96.204.150, 3.96.204.150, CA
13.215.177.45, 2406:da18:de4:e200:2387:968e:58d8:7e92, SG
3.112.21.102, 3.112.21.102, JP
13.213.0.53, 13.213.0.53, SG
176.34.153.22, 176.34.153.22, IE
16.171.239.108, 16.171.239.108, SE
52.77.110.99, 2406:da18:179:e502:85e4:f60c:a0fe:485b, SG
18.182.152.30, 2406:da14:d93:c000:30f8:4375:1fa6:f0aa, JP
18.196.70.197, 2a05:d014:ed:9600:f52b:ab01:6bb:bc9d, DE
18.116.94.233, 18.116.94.233, US
57.181.27.195, 57.181.27.195, JP
43.205.48.107, 43.205.48.107, IN
54.78.57.29, 85.10.192.169, DE
54.179.170.179, 54.179.170.179, SG
3.68.31.54, 3.68.128.205, DE
52.195.171.192, 2606:40:92ff:2806::62:67bb, JP
13.57.249.176, 13.57.249.176, US
3.66.115.225, 3.68.128.205, DE
18.197.218.69, 18.197.218.69, DE
3.254.190.43, 213.239.209.182, DE
13.230.34.30, 13.230.34.30, JP
16.162.39.41, 16.162.39.41, HK
3.96.195.123, 3.96.195.123, CA
18.162.40.255, 18.162.40.255, HK
54.252.222.190, 54.252.222.190, AU
18.142.55.98, 18.142.55.98, SG
3.71.116.249, 2a01:4f9:2a:2171::2, DE
3.144.25.28, 2600:1f16:d3c:9600:1c3e:f2ff:6efc:f4c2, US
18.167.194.154, 18.167.194.154, HK
3.135.201.228, 3.135.201.228, US
52.209.63.185, 3.249.11.67, IE
18.159.51.62, 159.69.57.44, DE
3.71.44.55, 3.71.44.55, DE
54.212.48.15, 2606:40:94f8:684::c60:bd94, US
13.59.65.96, 13.59.65.96, US
16.162.37.123, 16.162.37.123, HK
204.110.220.254, 204.110.220.101, US
3.122.86.99, 3.122.86.99, DE
18.181.35.42, 18.181.35.42, JP
35.183.42.196, 35.183.42.196, CA
54.217.4.59, 2a05:d018:31d:7b00:7024:a2f7:5c1f:9a65, IE
18.162.193.31, 18.162.193.31, HK
18.182.161.213, 18.182.161.213, JP
3.67.232.136, 3.68.128.205, DE
3.249.11.67, 3.249.11.67, IE
52.221.189.27, 52.221.189.27, SG
3.99.106.179, 3.98.31.16, CA
18.141.204.88, 18.141.204.88, SG
18.139.161.157, 18.139.161.157, SG
18.177.2.54, 18.177.2.54, JP
204.110.223.239, 204.110.223.239, US
54.199.146.37, 2406:da14:778:d100:81e2:d49f:d621:f643, JP
18.184.55.249, 18.184.55.249, DE
16.170.227.224, 2a05:d016:c96:4600:73b:5e06:226c:c65, SE
34.218.237.182, 34.218.237.182, US
52.56.231.173, 52.56.231.173, GB
35.88.74.18, 35.88.74.18, US
52.10.78.7, 204.110.220.222, US
204.110.223.149, 204.110.223.149, US
18.162.32.152, 18.162.32.152, HK
3.105.5.82, 3.27.38.147, AU
54.153.80.70, 54.153.80.70, US
52.89.138.13, 52.42.61.45, US
44.227.131.101, 2600:1f14:277b:c220:98f0:f638:98ba:152a, US
13.250.28.38, 13.250.28.38, SG
13.43.196.244, 2a05:d01c:ad8:a600:c14b:c254:7f53:6e1a, GB
18.216.55.100, 18.216.55.100, US
52.47.116.44, 52.47.116.44, FR
18.183.158.211, 18.183.158.211, JP
204.110.220.3, 204.110.220.131, US
3.1.243.149, 2406:da18:179:e500:358c:4cdd:8b25:6ddd, SG
54.254.215.19, 54.254.215.19, SG
16.171.107.219, 16.171.107.219, SE
54.201.19.60, 2a09:bac1:76c0:de10::21f:58, US
16.171.55.21, 16.171.55.21, SE
54.78.221.80, 54.78.221.80, IE
43.207.86.44, 2406:da14:bc1:8c00:4291:1b06:e772:fa30, JP
3.124.13.73, 2a05:d014:14d8:f802:d91e:e9d:6a73:e04a, DE
13.48.245.19, 2a05:d016:798:bd00:7f91:bc12:2ec0:65, SE
34.244.85.135, 213.239.212.69, DE
35.157.240.237, 3.68.128.205, DE
204.110.220.11, 204.110.221.55, US
51.20.246.73, 51.20.246.73, SE
18.133.3.17, 18.133.3.17, GB
52.31.51.43, 85.10.199.30, DE
52.18.135.153, 52.18.135.153, IE
176.34.214.20, 176.34.214.20, IE
13.49.222.8, 13.49.222.8, SE
3.18.169.201, 3.18.169.201, US
67.226.223.240, 204.110.223.94, US
43.198.11.234, 43.198.11.234, HK
54.79.133.41, 13.210.209.91, AU
3.76.208.66, 195.201.198.107, DE
52.192.70.199, 52.192.70.199, JP
54.255.195.46, 2406:da18:797:cb00:8cd6:e5a2:2204:609c, SG
13.57.182.91, 2a09:bac5:6447:1232::1d0:57, US
16.163.101.171, 16.163.101.171, HK
67.226.222.2, 67.226.222.169, US
3.78.125.180, 2a05:d014:d20:2500:fc77:95f9:4f66:8605, DE
34.250.6.77, 34.250.6.77, IE
3.68.124.231, 3.68.124.231, DE
3.69.0.8, 3.68.128.205, DE
54.200.248.137, 54.200.248.137, US
54.151.68.167, 54.151.68.167, US
54.151.11.11, 2a01:4f9:2a:2171::2, DE
3.24.174.233, 13.210.209.91, AU
16.16.196.82, 16.16.196.82, SE
13.53.124.100, 13.53.124.100, SE
13.36.85.141, 13.36.85.141, FR
18.171.211.69, 18.171.211.69, GB
18.156.209.101, 3.68.128.205, DE
3.70.237.118, 3.70.237.118, DE
18.191.122.211, 3.13.180.72, US
3.18.51.7, 2600:1f16:4e6:1200:c437:fdf6:a19:230b, US
13.229.228.163, 13.229.228.163, SG
13.51.13.182, 13.51.13.182, SE
3.9.223.59, 35.176.50.79, GB
43.198.94.145, 43.198.94.145, HK
35.176.50.79, 35.176.50.79, GB
52.59.31.52, 2a05:d014:a:b00:60eb:9e80:2b70:dac5, DE
51.20.117.194, 51.20.117.194, SE
35.156.249.215, 2a05:d014:529:1500:c90f:4f68:9868:2174, DE
54.199.60.142, 2406:da14:8d7:eb01:b6db:58b9:5ae0:a439, JP
54.187.109.16, 54.187.109.16, US
18.170.62.235, 18.170.62.235, GB
51.20.53.195, 51.20.53.195, SE
54.95.94.250, 54.95.94.250, JP
54.74.103.103, 85.10.195.55, DE
18.222.76.87, 2600:1f16:c0c:c900:b17a:c511:e768:84a5, US
3.73.114.5, 3.73.114.5, DE
43.204.146.16, 43.204.146.16, IN
35.76.224.153, 35.76.224.153, JP
13.127.95.206, 13.127.95.206, IN
18.143.76.130, 2406:da18:797:cb00:e2e0:f26a:24fd:936, SG
54.77.117.240, 85.10.198.254, DE
18.170.79.63, 18.170.79.63, GB
204.110.223.210, 204.110.223.210, US
16.162.56.233, 16.162.56.233, HK
44.227.209.152, 44.227.209.152, US
175.41.182.167, 175.41.182.167, SG
13.38.56.6, 13.38.56.6, FR
13.52.242.37, 13.52.242.37, US
54.188.203.77, 54.188.203.77, US
44.227.22.10, 52.42.61.45, US
54.248.75.19, 2406:da14:adf:f300:d51a:e458:4229:a89, JP
35.77.102.243, 35.77.102.243, JP
43.206.229.233, 43.206.229.233, JP
15.185.207.155, 15.185.207.155, BH
52.215.70.122, 52.215.70.122, IE
16.170.98.73, 16.170.98.73, SE
54.71.238.195, 54.212.217.183, US
54.190.114.145, 2600:1f13:875:8f00:45b1:55d2:fee2:97b2, US
18.223.126.177, 18.223.126.177, US
52.213.11.150, 52.213.11.150, IE
18.163.249.175, 18.163.249.175, HK
3.143.106.216, 3.143.106.216, US
3.249.13.20, 3.249.13.20, IE
13.50.5.68, 2a05:d016:63c:5c00:35bb:4655:ccc8:ca39, SE
13.48.135.156, 13.48.135.156, SE
3.126.37.30, 3.126.37.30, DE
3.77.237.123, 2a05:d014:57f:3400:eb00:374e:7c68:9c46, DE
35.176.229.223, 35.177.101.21, GB
13.41.92.141, 2a05:d01c:e27:b900:159b:7b60:2d06:d6d0, GB
16.163.18.210, 16.163.18.210, HK
51.20.250.22, 51.20.250.22, SE
18.136.100.50, 2406:da18:c25:a100:2fb5:9715:809:77fc, SG
13.228.142.218, 18.143.237.61, SG
52.57.142.210, 2a05:d014:f83:fa00:205d:fbec:1ecc:3c52, DE
204.110.220.252, 204.110.220.252, US
3.67.56.86, 3.67.56.86, DE
13.48.191.24, 13.48.191.24, SE
3.27.38.147, 3.27.38.147, AU
54.195.254.138, 54.195.254.138, IE
18.133.5.49, 2a05:d01c:e38:c800:ed3c:f6e:2016:9244, GB
43.207.157.196, 43.207.157.196, JP
18.189.139.61, 2a09:bac5:ac91:f91::18d:64, US
54.193.108.8, 54.193.108.8, US
18.167.20.205, 18.167.20.205, HK
54.189.229.22, 54.189.229.22, US
16.16.67.54, 16.16.67.54, SE
18.169.157.49, 2a05:d01c:d25:d400:cf7d:76c3:2494:335c, GB
18.156.21.22, 52.58.170.173, DE
54.94.180.183, 54.94.180.183, BR
16.170.113.120, 16.170.113.120, SE
3.13.192.235, 2600:1f16:2bc:1600:cc57:bae3:5341:9b68, US
3.99.190.0, 3.99.190.0, CA
18.236.134.95, 18.236.134.95, US
54.92.11.19, 2406:da14:6a2:2e00:8ef4:430d:7f05:cc20, JP
13.250.131.37, 13.250.131.37, SG
54.199.222.232, 43.206.69.151, JP
18.184.27.249, 18.184.55.249, DE
44.226.147.29, 54.212.217.183, US
13.113.103.123, 13.113.103.123, JP
13.212.6.250, 13.212.6.250, SG
3.34.42.252, 2406:da12:8fe:b200:a027:9e91:d695:fb4c, KR
18.117.222.75, 2600:1f16:105:c801:3f79:ebc6:33e9:8477, US
35.80.38.0, 2600:1f14:25a7:c603:59d4:c2d2:7170:1c82, US
3.96.205.191, 159.69.57.44, DE
52.58.34.115, 52.58.34.115, DE
54.247.36.82, 54.247.36.82, IE
16.163.141.35, 16.163.141.35, HK
47.128.165.230, 2406:da18:204:8200:4d5b:cd5a:dd89:d8b2, SG
3.79.158.28, 3.79.158.28, DE
18.218.10.137, 18.218.10.137, US
3.120.171.61, 3.121.107.76, DE
35.182.64.99, 35.182.64.99, CA
13.215.208.77, 2406:da18:ed8:9900:5571:ec3c:9669:5e92, SG
52.77.114.70, 2406:da18:84:5b00:d3e0:ccfd:abdb:ebd2, SG
35.165.253.141, 2600:1f14:d98:ba00:81c2:401a:e580:9a6d, US
54.179.192.231, 2406:da18:78e:b100:2f6f:57f9:af60:b101, SG
18.130.105.48, 18.130.105.48, GB
52.74.101.26, 52.74.101.26, SG
18.135.67.188, 3.11.152.188, GB
16.16.84.66, 16.16.84.66, SE
15.184.236.99, 15.184.236.99, BH
3.135.41.11, 3.135.41.11, US
13.229.159.215, 18.143.237.61, SG
34.247.188.79, 85.10.200.55, DE
3.68.62.122, 3.68.128.205, DE
18.185.254.189, 3.68.128.205, DE
18.176.73.69, 18.176.73.69, JP
18.140.111.210, 18.140.111.210, SG
16.162.10.198, 16.162.10.198, HK
15.237.143.96, 2a01:4f9:2a:2171::2, DE
54.219.184.60, 195.201.198.107, DE
50.112.33.254, 50.112.182.213, US
204.110.220.12, 204.110.221.132, US
50.112.166.63, 52.42.61.45, US
18.201.239.106, 18.201.239.106, IE
44.224.24.91, 44.224.24.91, US
13.49.76.20, 13.49.76.20, SE
52.28.120.164, 52.28.120.164, DE
34.218.130.79, 34.218.130.79, US
35.77.220.165, 35.77.220.165, JP
3.70.127.100, 3.70.127.100, DE
54.92.41.44, 2406:da14:192:ac00:1b16:ab5:6a44:fcc7, JP
15.164.15.71, 15.164.15.71, KR
3.97.14.70, 3.97.14.70, CA
52.197.64.73, 52.197.64.73, JP
108.136.48.26, 108.136.48.26, ID
16.162.37.167, 18.167.20.205, HK
34.214.91.72, 2600:1f14:809:a900:ac6e:1e67:19f7:7f9e, US
184.169.181.217, 184.169.181.217, US
3.18.113.248, 3.18.113.248, US
43.200.103.218, 43.200.103.218, KR
52.213.215.45, 85.10.199.30, DE
18.153.240.222, 2a05:d014:323:4f00:6440:b5cf:f78b:b4c2, DE
16.162.152.191, 16.162.152.191, HK
3.144.191.4, 3.144.191.4, US
18.201.9.172, 88.198.39.43, DE
3.127.55.133, 2a05:d014:ed:9600:f52b:ab01:6bb:bc9d, DE
3.77.165.113, 3.77.165.113, DE
3.120.212.75, 52.58.170.173, DE
18.194.180.78, 18.194.180.78, DE
54.193.59.158, 54.193.59.158, US
204.110.223.235, 204.110.223.235, US
35.165.219.81, 2600:1f14:13f:f600:57d1:321f:f2ab:c9e6, US
13.231.159.217, 13.231.159.217, JP
3.98.73.243, 3.98.31.16, CA
204.110.223.94, 204.110.223.94, US
18.167.208.181, 18.167.208.181, HK
34.241.7.241, 85.10.200.55, DE
13.49.178.212, 13.49.178.212, SE
54.216.50.8, 85.10.207.158, DE
157.175.51.220, 157.175.51.220, BH
99.80.88.225, 34.247.136.78, IE
18.140.121.230, 159.69.57.44, DE
18.177.144.213, 18.177.144.213, JP
54.219.254.29, 195.201.198.107, DE
13.124.120.105, 13.124.120.105, KR
34.254.29.231, 213.239.219.157, DE
157.175.147.242, 157.175.147.242, BH
18.142.226.193, 2406:da18:e13:c600:ebbc:5dac:4c6e:be5f, SG
18.159.105.97, 2a05:d014:ed:9600:f52b:ab01:6bb:bc9d, DE
52.47.120.131, 52.47.120.131, FR
13.54.198.183, 13.210.209.91, AU
54.247.208.21, 213.239.213.50, DE
3.71.91.131, 2a01:4f9:2a:2171::2, DE
52.19.229.139, 213.239.213.50, DE
35.180.193.239, 2a01:4f9:2a:2171::2, DE
18.181.245.123, 18.181.245.123, JP
44.230.218.23, 54.212.217.183, US
18.136.117.146, 2406:da18:f5e:5300:8b26:a145:2f43:233f, SG
34.245.77.171, 34.245.77.171, IE
52.47.178.119, 159.69.57.44, DE
13.228.50.161, 2406:da18:179:e501:b970:b711:42a1:5a1, SG
54.93.163.119, 54.93.163.119, DE
54.194.162.247, 54.194.162.247, IE
3.138.59.154, 3.13.180.72, US
3.65.21.45, 3.65.21.45, DE
3.115.162.6, 3.115.162.6, JP
18.171.145.30, 2a05:d01c:8c4:2d00:cbe6:448:82cf:61a5, GB
52.18.155.172, 52.18.155.172, IE
52.40.59.31, 52.40.59.31, US
13.40.164.232, 13.40.164.232, GB
52.69.137.54, 52.69.137.54, JP
63.33.68.210, 63.33.68.210, IE
54.72.107.122, 54.72.107.122, IE
51.20.129.20, 51.20.129.20, SE
54.238.114.82, 54.238.114.82, JP
15.157.7.168, 3.98.31.16, CA
16.163.108.175, 16.163.108.175, HK
51.21.148.178, 51.21.148.178, SE
43.198.53.11, 43.198.53.11, HK
3.29.239.235, 3.29.239.235, AE
35.86.155.198, 2600:1f13:ad0:2e00:cf60:8c65:e047:e08b, US
52.221.180.150, 2406:da18:2e7:6a00:98ad:c641:1120:2e6f, SG
18.199.35.227, 18.199.35.227, DE
18.184.208.43, 159.69.57.44, DE
50.18.219.153, 54.193.108.8, US
54.248.121.219, 43.206.69.151, JP
13.228.155.72, 18.143.237.61, SG
35.176.227.68, 35.176.227.68, GB
3.65.196.79, 3.65.196.79, DE
18.193.102.45, 195.201.198.107, DE
43.205.151.227, 43.205.151.227, IN
13.215.153.79, 13.215.153.79, SG
35.167.93.200, 34.218.237.182, US
13.60.4.8, 2a05:d016:efa:cb00:83da:a342:5370:17a6, SE
3.144.100.79, 2600:1f16:d3c:9600:ec09:74d6:b76e:3d37, US
51.20.174.212, 51.20.174.212, SE
13.51.132.60, 13.51.132.60, SE
13.57.206.173, 2600:1f1c:f9:aa00:f151:934a:8eb4:1d76, US
3.29.133.213, 3.29.133.213, AE
3.127.32.193, 3.127.32.193, DE
18.237.22.14, 18.237.22.14, US
54.151.157.236, 54.151.157.236, SG
3.78.197.124, 3.78.197.124, DE
18.134.37.97, 3.11.152.188, GB
52.15.213.62, 52.15.213.62, US
3.28.186.198, 3.28.186.198, AE
18.178.89.131, 18.178.89.131, JP
13.51.88.79, 13.51.88.79, SE
3.1.18.15, 2406:da18:2f2:4c00:46b7:7e63:24a1:1515, SG
18.130.18.90, 18.130.18.90, GB
3.124.207.36, 3.124.207.36, DE
175.41.155.110, 175.41.155.110, SG
13.246.45.160, 13.246.45.160, ZA
52.67.232.228, 52.67.232.228, BR
13.115.140.243, 2406:da14:59c:b600:51c1:8b6b:2536:6e9d, JP
43.204.80.35, 43.204.80.35, IN
18.153.119.194, 3.69.56.72, DE
54.153.38.85, 54.153.38.85, US
54.169.229.188, 2406:da18:618:7e00:33b7:2027:d986:fdaa, SG
3.133.107.135, 2600:1f16:1e:6b00:b3ea:c85:c7d8:8f36, US
54.203.85.46, 204.110.220.147, US
52.221.240.19, 2406:da18:78e:b100:315a:8691:6db2:c985, SG
54.65.238.36, 2406:da14:5b1:801:a08e:7d16:17b9:8b23, JP
3.122.206.183, 3.122.206.183, DE
52.195.245.46, 52.195.245.46, JP
13.250.229.153, 2406:da18:41e:4611:871:5857:4ee4:98bb, SG
3.28.118.156, 159.69.57.44, DE
204.110.220.131, 204.110.220.131, US
54.213.214.160, 54.213.214.160, US
18.135.27.22, 18.135.27.22, GB
18.167.172.112, 18.167.172.112, HK
18.130.168.34, 18.130.168.34, GB
13.231.249.118, 13.231.249.118, JP
3.99.140.67, 3.99.140.67, CA
18.217.204.236, 18.217.204.236, US
35.157.159.230, 159.69.57.44, DE
3.97.15.84, 3.97.15.84, CA
3.79.59.119, 3.79.59.119, DE
35.181.211.144, 35.181.211.144, FR
3.112.62.33, 2406:da14:f3d:2e02:5ad9:6e14:ff04:5f6, JP
35.182.7.190, 3.96.206.189, CA
3.76.154.119, 52.58.170.173, DE
54.194.196.165, 54.194.196.165, IE
13.228.170.74, 13.228.170.74, SG
52.41.96.2, 2600:1f14:8aa:8800:f6db:4be4:9b79:7b43, US
18.163.156.197, 18.163.156.197, HK
52.29.68.81, 52.29.68.81, DE
54.216.121.193, 213.239.219.157, DE
18.117.238.13, 18.117.238.13, US
35.75.221.182, 35.75.221.182, JP
3.38.185.175, 2406:da12:d5c:2100:115:a1f2:b769:5d7a, KR
13.53.190.66, 13.53.190.66, SE
3.145.83.179, 3.145.83.179, US
54.177.56.75, 54.177.56.75, US
52.12.162.159, 52.12.162.159, US
3.105.5.84, 13.239.18.143, AU
18.153.59.96, 195.201.198.107, DE
