194.61.120.164, 2a10:1fc0:c::abd0:ef80, NL
185.39.18.121, 185.39.18.121, NL
185.39.18.8, 185.39.18.8, NL
91.227.77.87, 91.227.77.87, BG
45.86.229.28, 2a10:1fc0:3::e23b:504b, ES
91.227.77.80, 2a10:1fc0:10::6f07:61d4, BG
176.124.32.162, 176.124.32.162, EE
194.61.120.171, 194.61.120.171, NL
91.235.234.183, 91.235.234.183, EE
194.61.120.11, 194.61.120.11, NL
212.46.38.159, 212.46.38.159, ES
91.235.234.82, 91.235.234.82, EE
77.72.85.184, 77.72.85.184, EE
45.129.199.49, 45.129.199.49, EE
45.129.199.37, 45.129.199.37, EE
45.86.228.104, 2a10:1fc0:b::584f:cb10, AE
85.239.53.187, 195.201.198.107, DE
185.123.53.154, 185.123.53.154, EE
91.235.234.121, 2a10:1fc0:1::36f9:8076, EE
83.97.79.23, 83.97.79.23, ES
193.200.16.118, 193.200.16.118, PL
193.200.16.6, 193.200.16.6, PL
195.54.160.186, 88.99.26.203, DE
