192.227.194.166, 192.227.194.166, US
192.227.231.24, 88.99.26.203, DE
107.172.87.252, 107.172.87.252, US
23.94.93.92, 23.94.93.92, US
23.95.214.37, 23.95.214.37, US
172.245.213.138, 195.201.198.107, DE
104.168.87.190, 195.201.198.107, DE
107.174.11.54, 107.174.11.54, US
192.3.127.161, 192.3.127.161, US
104.168.28.190, 104.168.28.190, US
23.95.247.131, 23.95.247.131, US
107.173.159.33, 107.173.159.33, US
23.94.212.106, 2a09:bac1:76a0:3d0::21e:37, US
107.173.171.213, 107.173.171.213, US
192.3.254.244, 192.3.254.244, US
107.174.242.213, 107.174.242.213, US
23.95.166.171, 23.95.166.171, US
107.172.137.27, 107.172.137.27, US
23.95.130.51, 23.95.130.51, US
23.94.98.225, 23.94.98.225, US
192.210.200.7, 192.210.200.7, US
107.175.214.109, 107.175.214.109, US
107.175.2.53, 107.175.2.53, US
108.174.57.190, 108.174.57.190, US
192.3.80.190, 192.3.80.190, US
23.94.220.25, 23.94.220.25, NL
23.95.215.134, 23.95.215.134, US
192.210.206.181, 192.210.206.181, US
107.173.41.72, 107.173.41.72, US
198.23.165.158, 198.23.165.158, US
23.95.233.20, 23.95.233.20, US
107.172.216.183, 107.172.216.183, US
192.3.150.220, 104.28.217.42, US
192.227.249.222, 192.227.249.222, US
23.94.255.201, 23.94.255.201, US
107.172.142.117, 107.172.142.117, US
104.168.13.20, 104.168.13.20, US
107.174.64.249, 107.174.64.249, US
104.168.64.219, 104.168.64.219, US
107.172.86.63, 2a09:bac1:7680:99d8::4:22a, US
107.174.241.220, 107.174.241.220, US
192.227.137.59, 192.227.137.59, US
192.210.160.163, 192.210.175.120, US
198.23.246.141, 198.23.246.141, US
104.168.28.65, 104.168.28.65, US
198.12.123.64, 198.12.123.64, US
192.210.175.20, 192.210.175.20, US
198.23.158.212, 104.28.217.42, US
107.173.157.113, 107.173.157.113, US
192.3.189.149, 192.3.189.149, US
107.173.203.119, 195.201.198.107, DE
23.94.212.26, 23.94.212.26, US
192.210.175.29, 192.210.175.29, US
107.172.103.144, 107.172.103.144, US
107.174.131.244, 107.174.131.244, US
192.210.175.120, 192.210.175.120, US
192.3.60.134, 2a09:bac5:7000:13e1::1fb:71, US
23.94.216.185, 2001:470:70:3cb::2, US
107.174.71.139, 107.174.71.139, US
23.94.76.12, 23.94.76.12, US
192.210.236.102, 192.210.236.102, US
107.174.241.214, 107.174.241.214, US
198.46.143.171, 198.46.143.171, US
107.174.88.162, 107.174.88.162, US
107.172.98.6, 2a09:bac5:cad2:1232::1d0:2f, US
107.173.7.252, 107.173.7.252, US
107.174.176.82, 107.174.176.82, US
107.173.180.131, 107.173.180.131, US
23.94.104.135, 23.94.104.135, US
192.210.175.26, 192.210.175.23, US
23.95.247.243, 23.95.247.243, US
107.172.25.132, 88.99.26.203, DE
107.172.3.79, 107.172.3.79, US
23.94.217.112, 23.94.217.112, NL
23.95.166.181, 23.95.166.181, US
23.94.217.204, 23.94.217.204, NL
23.94.236.143, 23.94.236.143, US
107.174.192.7, 107.174.192.7, US
104.168.35.231, 104.168.35.231, US
107.174.228.112, 107.174.228.112, US
172.245.168.169, 88.99.26.203, DE
23.95.106.10, 23.95.106.10, US
107.172.157.100, 107.172.157.100, US
108.174.57.198, 108.174.57.198, US
23.94.41.21, 23.94.41.21, US
198.23.236.101, 198.23.236.101, US
107.172.196.89, 107.172.196.89, US
23.94.61.93, 23.94.61.93, US
107.172.89.201, 107.172.89.201, US
107.174.253.7, 107.174.253.7, US
104.168.43.133, 104.168.43.133, US
192.227.152.191, 192.227.152.191, US
107.173.244.80, 107.173.244.80, US
198.23.196.40, 198.23.196.40, US
198.23.223.106, 88.99.26.203, DE
192.210.213.192, 192.210.213.192, US
