159.223.101.115, 159.223.101.115, US
152.42.128.75, 152.42.128.75, NL
159.223.244.40, 104.248.160.232, GB
128.199.119.164, 2400:6180:0:d0::132c:1, SG
167.71.134.33, 2a03:b0c0:1:d0::f76:3001, GB
167.99.140.127, 2a01:4f9:2a:2171::2, DE
178.62.233.221, 178.62.233.221, NL
206.189.117.121, 206.189.117.121, GB
128.199.35.148, 128.199.35.148, NL
159.223.251.195, 142.93.175.249, DE
206.189.53.76, 206.189.53.76, DE
165.22.65.91, 2a01:4f9:2a:2171::2, DE
143.198.251.182, 159.69.57.44, DE
167.71.62.40, 2a03:b0c0:3:d0::19e2:1001, DE
146.190.178.180, 165.227.140.178, DE
134.209.202.107, 2a03:b0c0:2:d0::2ab:6001, NL
159.65.18.200, 159.65.18.200, GB
167.71.15.102, 104.28.219.137, NL
167.99.41.210, 143.198.248.168, NL
142.93.131.5, 142.93.131.5, NL
46.101.70.188, 2a03:b0c0:3:d0::1204:3001, DE
188.166.250.80, 2400:6180:0:d0::2d9:6001, SG
68.183.65.76, 68.183.65.76, DE
167.172.167.118, 167.172.167.118, DE
146.190.31.209, 146.190.31.209, NL
138.68.184.57, 138.68.184.57, GB
143.198.18.167, 143.198.18.167, US
206.189.129.187, 206.189.129.187, IN
104.248.160.232, 104.248.160.232, GB
164.92.214.27, 164.92.214.27, NL
167.99.48.27, 167.99.48.27, US
159.65.121.176, 159.65.121.176, DE
128.199.63.150, 128.199.63.150, NL
165.232.85.33, 165.232.85.33, NL
209.38.168.29, 159.69.57.44, DE
64.227.32.146, 64.227.32.146, GB
138.197.189.110, 2a03:b0c0:3:d0::eea:c001, DE
157.230.29.83, 157.230.29.83, DE
159.223.230.238, 159.223.230.238, NL
174.138.105.28, 128.199.63.150, NL
134.122.93.95, 134.122.93.95, DE
64.225.49.53, 64.225.49.53, US
188.166.15.177, 188.166.15.177, NL
164.92.219.144, 164.92.219.144, NL
138.197.104.86, 138.197.104.86, US
46.101.83.235, 46.101.83.235, GB
188.166.73.47, 188.166.73.47, NL
146.190.226.29, 146.190.226.29, NL
164.90.235.50, 164.90.235.50, DE
104.248.43.135, 104.248.43.135, DE
68.183.213.92, 68.183.213.92, DE
206.81.29.239, 206.81.29.239, DE
68.183.215.164, 68.183.215.164, DE
68.183.214.0, 68.183.214.0, DE
146.190.139.88, 146.190.139.88, US
143.244.222.21, 167.99.48.27, US
167.99.21.123, 159.89.190.230, US
139.59.206.9, 104.248.128.137, DE
134.122.71.112, 2a01:4f9:2a:2171::2, DE
134.209.254.51, 134.209.254.51, DE
143.198.240.236, 2a03:b0c0:1:d0::c3e:9001, GB
159.89.52.206, 159.89.52.206, US
209.38.194.110, 209.38.194.110, DE
138.197.116.211, 138.197.116.211, US
128.199.48.10, 2a03:b0c0:2:d0::11ac:6001, NL
143.198.6.115, 143.198.6.115, US
164.92.230.40, 164.92.230.40, DE
139.59.204.245, 134.122.94.153, DE
165.232.136.97, 165.232.136.97, US
143.244.134.248, 143.244.134.248, IN
104.248.31.23, 104.248.31.23, DE
128.199.41.252, 128.199.41.252, NL
104.248.128.137, 104.248.128.137, DE
64.23.167.38, 64.23.167.38, US
143.198.22.164, 143.198.22.164, US
128.199.38.133, 128.199.38.133, NL
128.199.228.44, 128.199.228.44, SG
178.128.244.249, 178.128.244.249, NL
64.227.140.118, 64.227.140.118, IN
134.122.71.148, 2a01:4f9:2a:1d45::2, DE
159.89.30.24, 159.89.30.24, DE
159.223.224.134, 159.223.224.134, NL
104.248.246.153, 104.248.246.153, DE
167.71.65.43, 167.71.65.43, NL
146.190.21.171, 146.190.21.171, NL
167.99.32.158, 167.99.32.158, NL
207.154.254.118, 207.154.254.118, DE
134.209.228.12, 2a03:b0c0:3:d0::96:1, DE
157.230.101.198, 157.230.101.198, DE
209.97.190.197, 209.97.190.197, GB
146.190.116.221, 146.190.116.221, US
159.223.68.99, 159.223.68.99, SG
165.232.32.28, 159.69.57.44, DE
146.190.236.144, 146.190.236.144, NL
143.198.248.168, 143.198.248.168, NL
207.154.242.38, 207.154.242.38, DE
209.38.180.246, 2a01:4f9:2a:1d45::2, DE
165.232.79.190, 165.232.79.190, DE
165.232.120.219, 165.232.120.219, DE
64.226.108.248, 64.226.108.248, DE
164.90.196.11, 159.69.57.44, DE
165.22.121.32, 165.22.121.32, GB
104.248.145.60, 104.248.145.60, SG
165.227.134.63, 165.227.134.63, DE
161.35.172.105, 161.35.172.105, GB
46.101.204.140, 46.101.204.140, DE
143.198.89.162, 143.198.89.162, SG
67.207.75.54, 206.189.51.87, DE
64.227.149.187, 64.227.149.187, IN
188.166.148.48, 188.166.148.48, GB
159.89.190.230, 159.89.190.230, US
161.35.216.21, 161.35.216.21, DE
138.68.161.13, 138.68.161.13, GB
206.189.51.87, 206.189.51.87, DE
146.190.161.241, 146.190.161.241, US
67.207.78.251, 207.154.242.38, DE
165.22.240.179, 165.22.240.179, SG
159.223.241.120, 157.245.66.125, NL
67.207.73.198, 206.81.29.239, DE
159.89.254.181, 167.71.80.162, US
161.35.33.148, 161.35.33.148, GB
142.93.229.101, 142.93.229.101, NL
134.122.94.153, 134.122.94.153, DE
165.232.73.21, 165.232.73.21, DE
167.99.207.215, 5.9.106.85, DE
178.62.17.85, 2a03:b0c0:1:d0::bc2:8001, GB
64.227.127.249, 64.227.127.249, DE
134.122.91.7, 2a03:b0c0:3:d0::321:e001, DE
188.166.138.200, 159.69.57.44, DE
188.166.78.56, 2a03:b0c0:2:d0::3fb:1, NL
178.128.204.251, 2a03:b0c0:3:d0::12fd:9001, DE
167.71.4.186, 167.71.4.186, NL
165.22.99.110, 2400:6180:0:d0::1702:d001, SG
