65.75.193.107, 65.75.193.107, US
154.17.10.68, 154.17.10.68, US
154.17.14.94, 2605:52c0:2:1a9:300d:fcff:fed2:368b, US
174.136.207.88, 195.201.198.107, DE
154.12.177.24, 2403:18c0:5:6f:388c:30ff:fe7d:cc4d, HK
154.17.1.199, 2605:52c0:2:15b5:8016:76ff:fe05:407, US
174.136.207.83, 195.201.198.107, DE
193.110.202.27, 193.110.202.27, HK
154.17.14.215, 2605:52c0:2:15bd:e864:72ff:fe3d:4a0b, US
154.17.14.95, 2605:52c0:2:8b5:14f6:61ff:fe80:a403, US
154.12.178.2, 154.12.178.2, HK
154.17.27.71, 2605:52c0:2:91a:f008:53ff:fe55:31f3, US
154.17.27.9, 154.17.27.9, US
154.17.24.151, 2605:52c0:2:10cb:d4d0:64ff:fee1:9fee, US
154.17.5.19, 2605:52c0:2:44d:9817:5aff:feb7:e817, US
154.17.20.204, 2605:52c0:2:14ec:44dc:3bff:feaf:52f1, US
154.3.35.218, 154.3.35.218, HK
154.17.5.34, 2605:52c0:2:86a:f065:2bff:fe99:b732, US
103.117.101.3, 103.117.101.3, HK
154.17.21.50, 2605:52c0:2:11de:74a7:90ff:fe84:7a4a, US
154.17.19.24, 88.99.26.203, DE
154.17.10.63, 2605:52c0:2:1481:892:fff:fe96:37c0, US
