34.154.127.14, 2606:f240:f00:83a7:0:c5c9:a019:ffd2, US
34.116.192.231, 2606:f240:f00:eaf1:0:e486:590f:3c60, US
35.204.207.206, 98.98.156.14, US
34.159.139.198, 2a0b:21c0:100a:1b3:0:4462:a1ea:7aaf, DE
35.234.119.222, 2606:f240:f00:dd8d:0:ccc5:eb88:e970, US
35.198.186.14, 2a0b:21c0:1007:ca:0:4f20:3032:eedb, DE
35.204.102.56, 2606:f240:f00:46c4:0:54d0:85d8:eb8, US
34.65.75.131, 2606:f240:f00:83a7:0:9ae4:c00b:3694, US
34.154.11.107, 2a0b:21c0:100a:1b3:0:1f38:eaab:3047, DE
34.34.36.175, 2606:f240:f00:dd8d:0:516d:2641:1b91, US
34.154.72.34, 2a0b:21c0:100a:1b4:0:75b8:7c6:1ed3, DE
34.154.231.250, 2a0b:21c0:1007:cb:0:388b:ae79:f97f, DE
34.65.176.142, 2a0b:21c0:100a:1b1:0:adb:1615:55cd, DE
35.246.145.143, 2a0b:21c0:100a:1fa:0:8917:124:640c, DE
35.234.166.10, 2606:f240:f00:83a7:0:88c3:9b1:7372, US
35.230.79.26, 34.83.90.87, US
34.118.92.152, 2a0b:21c0:100a:1fa:0:998:355e:a314, DE
34.118.80.175, 2a0b:21c0:100a:1b1:0:8fb:24af:e981, DE
35.226.211.129, 35.226.211.129, US
34.118.105.120, 2a0b:21c0:100a:1b1:0:f33f:fad8:405, DE
34.154.143.191, 2a0b:21c0:100a:1f9:0:db5:9805:31e8, DE
34.116.161.128, 2606:f240:f00:6f50:0:2313:2946:53cb, US
34.159.126.204, 2a0b:21c0:1007:1cb:0:f0f3:a9fa:7846, DE
34.118.90.226, 2a0b:21c0:100a:1b0:0:9c6a:6ca5:f94a, DE
34.147.102.243, 2606:f240:f00:2be4:0:81a3:43b6:9083, US
35.204.123.217, 98.98.156.26, US
34.116.128.178, 2a0b:21c0:1007:1ca:0:1bf8:dfae:549d, DE
34.118.99.126, 98.98.156.18, US
34.154.27.120, 2a0b:21c0:100a:1b3:0:9942:fa30:6aac, DE
34.107.65.94, 98.98.166.58, US
34.118.30.13, 2606:f240:f00:46c4:0:7bca:1183:aa04, US
34.65.236.226, 98.98.156.26, US
34.159.76.62, 2a0b:21c0:100a:1b2:0:8723:3a3a:8b26, DE
34.154.248.179, 2a0b:21c0:1007:1c9:0:1b7:8e4:779b, DE
34.145.83.113, 2a09:bac1:7680:dba8::1c:25f, US
34.116.207.140, 163.123.193.6, DE
34.96.173.94, 34.96.173.94, HK
35.220.177.101, 35.220.177.101, HK
34.154.170.44, 2606:f240:f00:5a42:0:4a2:c52:fb11, US
34.89.143.19, 2a0b:21c0:1007:c9:0:dbf5:c754:1651, DE
34.154.220.42, 163.123.193.6, DE
34.118.121.202, 2a0b:21c0:1007:1ca:0:ea1e:c81a:8786, DE
34.118.10.48, 2a0b:21c0:1007:1c8:0:8e98:928e:611b, DE
34.154.252.71, 2a0b:21c0:100a:1b1:0:60f3:182c:bc75, DE
34.65.192.238, 2606:f240:f00:2be4:0:c572:d9f9:1219, US
34.118.69.58, 98.98.166.194, US
35.204.33.92, 2606:f240:f00:b2ed:0:30f7:e639:cdcd, US
35.199.37.84, 35.199.37.84, US
34.107.7.252, 2a0b:21c0:1007:1c8:0:1505:706c:66a0, DE
34.118.8.94, 2a0b:21c0:1007:1c7:0:57c4:d2e6:f9cc, DE
34.116.174.240, 2a0b:21c0:100a:1fa:0:4243:a273:2a3f, DE
34.65.181.48, 98.98.166.174, US
35.240.250.92, 35.240.250.92, SG
35.236.55.171, 35.236.55.171, US
34.159.97.185, 2a0b:21c0:1007:c8:0:bdce:3d24:e72, DE
34.159.54.249, 2a0b:21c0:100a:1b4:0:c38a:e609:b805, DE
34.118.56.112, 163.123.193.3, DE
34.159.115.142, 163.123.193.3, DE
35.246.232.44, 2a0b:21c0:1007:cb:0:1e18:8e09:6e28, DE
34.116.180.85, 2606:f240:f00:6f50:0:3e44:3ae3:e911, US
34.65.235.63, 2a0b:21c0:100a:1fa:0:b03:4e85:57b9, DE
34.89.204.90, 163.123.193.3, DE
34.65.27.156, 98.98.166.198, US
34.118.89.229, 98.98.156.22, US
35.198.132.107, 2a0b:21c0:100a:1b7:0:be3d:d370:4722, DE
34.107.6.24, 2a0b:21c0:1007:cb:0:1391:5c00:51ea, DE
34.91.57.107, 2606:f240:f00:dd8d:0:7a56:aa02:74ce, US
35.198.99.107, 2606:f240:f00:6f50:0:7d3a:8642:40df, US
34.65.5.127, 2a0b:21c0:100a:1b2:0:7032:6b29:59ab, DE
34.65.70.183, 2606:f240:f00:dd8d:0:ea85:c898:88b3, US
34.89.244.36, 2a0b:21c0:1007:c7:0:aabd:d3:bcba, DE
34.65.92.134, 163.123.193.10, DE
34.154.55.116, 2a0b:21c0:100a:1b3:0:403:942c:500b, DE
34.89.224.127, 163.123.193.9, DE
34.118.65.140, 2a0b:21c0:1007:c8:0:7dcc:1152:486c, DE
35.202.158.120, 35.202.158.120, US
34.154.143.101, 2a0b:21c0:100a:1b2:0:e528:43e7:988, DE
34.34.59.43, 2a0b:21c0:100a:1b3:0:29c:288b:89f3, DE
34.91.64.220, 2606:f240:f00:6f50:0:1f8c:90a4:8fcf, US
34.89.152.161, 2a0b:21c0:100a:1b3:0:bf06:2478:e4d7, DE
35.201.203.106, 35.201.203.106, TW
34.141.111.235, 2606:f240:f00:b2ed:0:8201:d6c0:575d, US
35.198.85.198, 163.123.193.23, DE
35.242.201.237, 2a0b:21c0:100a:1f9:0:b6ad:5156:7562, DE
35.198.181.50, 2a0b:21c0:1007:1ca:0:f6dc:b564:e6c7, DE
35.200.238.235, 35.200.238.235, IN
35.198.72.54, 2a0b:21c0:1007:cb:0:2595:7cde:9b4, DE
34.65.193.203, 163.123.193.3, DE
35.204.198.125, 2a0b:21c0:1007:ca:0:ab83:ef54:7e0a, DE
34.154.82.89, 2606:f240:f00:b2ed:0:46be:e099:1deb, US
34.154.127.230, 2a0b:21c0:1007:1c9:0:6bb:69ce:a4aa, DE
34.65.214.170, 2a0b:21c0:100a:1b4:0:4294:6fe2:866, DE
34.34.64.154, 163.123.193.8, DE
34.65.23.76, 2a0b:21c0:1007:1c9:0:7638:835d:36ee, DE
34.65.185.192, 2606:f240:f00:6f50:0:b82:cffc:b8d9, US
34.65.207.85, 98.98.156.10, US
34.154.12.224, 2606:f240:f00:6f50:0:54fd:fa2:7d71, US
34.118.99.186, 2606:f240:f00:b2ed:0:613d:cf4:e87e, US
34.118.20.129, 2a0b:21c0:100a:1b6:0:b8c0:7a86:efb8, DE
34.118.123.17, 2a0b:21c0:100a:1b5:0:6949:4012:4aeb, DE
34.159.102.95, 2606:f240:f00:b2ed:0:21a3:3607:6cb0, US
34.116.238.23, 98.98.166.174, US
34.116.219.249, 2a0b:21c0:1007:cb:0:a095:f9c:39eb, DE
34.34.21.165, 2a0b:21c0:1007:c8:0:eb46:5e7c:d127, DE
34.107.62.71, 2a0b:21c0:100a:1b1:0:7f49:7650:2184, DE
34.90.76.213, 2a0b:21c0:1007:1c8:0:4990:2bc:3d2e, DE
34.65.225.189, 2a0b:21c0:1007:ca:0:76df:b37d:a91c, DE
34.154.172.150, 98.98.166.194, US
35.234.102.226, 2606:f240:f00:2be4:0:5151:1616:1b69, US
35.194.230.28, 35.194.230.28, TW
34.91.50.232, 2a0b:21c0:1007:ca:0:527d:d7ec:9ddc, DE
35.242.226.209, 2a0b:21c0:100a:1b3:0:66fd:82dd:c5e7, DE
34.141.157.19, 2606:f240:f00:46c4:0:16f0:90a7:e67, US
34.154.252.14, 2a0b:21c0:100a:1b3:0:8cb4:bab6:dc72, DE
34.116.132.131, 98.98.156.18, US
34.65.171.211, 2606:f240:f00:b2ed:0:6072:5ce6:2395, US
34.32.147.248, 2a0b:21c0:100a:1b6:0:7f1c:3b39:c2c1, DE
34.89.208.97, 98.98.156.14, US
34.90.198.51, 98.98.166.198, US
34.159.126.5, 2a0b:21c0:100a:1b4:0:e94c:5a03:67cf, DE
34.116.178.230, 2606:f240:f00:46c4:0:ce91:ed40:3bd1, US
34.159.252.38, 2a0b:21c0:100a:1b7:0:8766:26fd:de48, DE
34.116.235.211, 163.123.193.4, DE
34.141.215.34, 2606:f240:f00:6acf:0:31e6:d5b6:1d14, US
34.141.241.232, 2a0b:21c0:1007:1cb:0:2bae:d15:c3fb, DE
34.89.254.249, 2a0b:21c0:100a:1b6:0:6266:4310:ddb8, DE
34.65.89.138, 2a0b:21c0:1007:1c7:0:d22b:a7a8:4a37, DE
34.159.95.18, 2a0b:21c0:1007:c9:0:ab30:72ab:9a0a, DE
34.154.189.124, 2606:f240:f00:a683:0:f512:5b28:cdd8, US
34.118.123.16, 2606:f240:f00:46c4:0:4cbb:7f18:4aeb, US
34.32.179.248, 2606:f240:f00:6acf:0:97cf:10a6:8a4e, US
34.154.131.195, 2a0b:21c0:1007:1ca:0:5983:2b1:8d5a, DE
34.154.255.210, 2a0b:21c0:100a:1f9:0:19a0:f70:7d1d, DE
34.65.150.148, 2a0b:21c0:1007:1ca:0:5bc6:8664:babc, DE
34.65.156.196, 2a0b:21c0:1007:c8:0:7d50:6303:7473, DE
34.154.63.7, 2a0b:21c0:1007:ca:0:d6d3:b736:a927, DE
34.154.111.153, 2606:f240:f00:dd8d:0:1179:757c:7d63, US
34.154.244.34, 2a0b:21c0:100a:1b1:0:3c93:b8c3:1548, DE
34.32.146.79, 2a0b:21c0:100a:1fa:0:fbcd:d1ef:981b, DE
34.65.35.234, 2a0b:21c0:100a:1b0:0:383d:a0a0:2446, DE
34.118.42.177, 98.98.166.170, US
34.154.229.221, 2a0b:21c0:1007:1ca:0:b749:4439:9446, DE
34.118.91.61, 2606:f240:f00:46c4:0:51f0:87b8:db68, US
35.204.154.13, 2a0b:21c0:1007:c8:0:2ebd:6242:1d28, DE
35.232.160.115, 35.232.160.115, US
34.116.205.19, 2a0b:21c0:100a:1b2:0:d5cf:7622:7672, DE
34.159.212.106, 2a0b:21c0:100a:1b0:0:ce74:b388:6162, DE
34.159.121.145, 2a0b:21c0:100a:1b1:0:4a8a:50c0:796, DE
35.234.123.182, 2606:f240:f00:46c4:0:e0fa:f23c:5471, US
34.65.125.77, 2a0b:21c0:100a:1b1:0:1bc1:f80a:b271, DE
34.154.77.58, 2a0b:21c0:1007:1cb:0:e585:59c9:764b, DE
34.116.153.22, 2606:f240:f00:5a42:0:9b15:2df8:170a, US
34.32.236.208, 2606:f240:f00:6f50:0:bd71:4ab6:95c7, US
34.123.83.237, 34.123.83.237, US
34.154.67.60, 2606:f240:f00:b2ed:0:94f2:7e1a:9175, US
34.116.191.144, 2a0b:21c0:1007:1c9:0:531e:8b6:21e3, DE
34.147.114.136, 2606:f240:f00:46c4:0:d5c5:cb29:958c, US
34.116.212.119, 2a0b:21c0:100a:1b1:0:fdc6:29fa:58dc, DE
34.107.125.78, 2606:f240:f00:6acf:0:2549:45be:efd5, US
34.90.149.219, 2a0b:21c0:100a:1b1:0:a94e:f03d:2d12, DE
34.116.148.227, 2a0b:21c0:100a:1b5:0:b50e:23ef:b225, DE
34.91.217.239, 2606:f240:f00:83a7:0:775b:b8c7:485c, US
34.34.12.229, 2a0b:21c0:1007:1c7:0:c1a:9ce1:b9ec, DE
34.107.100.91, 2606:f240:f00:a683:0:4322:9924:df97, US
34.65.220.206, 2a0b:21c0:100a:1fa:0:c9d8:c706:252a, DE
34.154.180.127, 2a0b:21c0:1007:cb:0:7937:9544:bc4a, DE
34.89.145.14, 2a0b:21c0:100a:1b6:0:a6ca:7ed7:7699, DE
34.116.228.34, 2a0b:21c0:1007:1c7:0:cc5f:6c09:bc69, DE
34.154.214.184, 2a0b:21c0:1007:1ca:0:5ba0:92bb:309f, DE
34.65.147.81, 2606:f240:f00:a683:0:f3bf:a43e:25d6, US
34.147.62.133, 2a0b:21c0:100a:1b2:0:7e60:a4f1:b6b9, DE
34.116.203.209, 2606:f240:f00:6f50:0:e12b:5291:7967, US
34.154.1.112, 2a0b:21c0:100a:1b3:0:3dfc:c3b4:6b1a, DE
35.246.152.162, 2a0b:21c0:1007:c9:0:bfb2:5e00:25b3, DE
34.89.215.58, 98.98.156.18, US
34.65.150.119, 2606:f240:f00:b2ed:0:c312:46a5:b3a8, US
34.65.254.14, 163.123.193.10, DE
34.142.51.100, 34.142.51.100, GB
34.147.118.212, 163.123.193.24, DE
34.154.47.45, 98.98.156.22, US
34.154.224.121, 2606:f240:f00:5a42:0:b9c1:bb12:64f8, US
34.70.91.86, 34.70.91.86, US
34.118.114.167, 2a0b:21c0:1007:c7:0:799b:874a:dfa2, DE
34.159.28.199, 163.123.193.5, DE
34.90.76.133, 2a0b:21c0:1007:cb:0:a222:8521:3eed, DE
34.91.181.125, 2a0b:21c0:100a:1b1:0:53a1:6ed4:6681, DE
34.65.73.241, 2606:f240:f00:2be4:0:9e60:d3aa:43ea, US
34.65.254.225, 2606:f240:f00:dd8d:0:aafa:bcbe:d176, US
34.154.188.100, 2a0b:21c0:1007:ca:0:5f07:caf:9465, DE
35.185.145.166, 35.185.145.166, TW
34.32.240.124, 98.98.156.34, US
34.116.142.89, 2a0b:21c0:100a:1b7:0:677a:8520:dd85, DE
34.29.228.169, 34.29.228.169, US
34.141.52.8, 2606:f240:f00:46c4:0:fc14:b6d1:d78f, US
34.147.124.145, 2606:f240:f00:83a7:0:7fd0:531a:b877, US
34.116.161.110, 23.236.112.222, GB
34.159.136.155, 2a0b:21c0:1007:1ca:0:f94e:81c9:decb, DE
34.154.50.64, 2a0b:21c0:100a:1fa:0:fe9e:664d:d5ef, DE
34.65.108.239, 2a0b:21c0:1007:1cb:0:12f7:4c3e:78d3, DE
34.65.168.242, 2a0b:21c0:1007:1c8:0:110c:5961:771b, DE
34.32.188.148, 163.123.193.23, DE
34.154.172.25, 23.236.112.222, GB
34.130.195.13, 34.130.195.13, CA
34.141.52.103, 98.98.156.22, US
34.92.165.193, 34.92.165.193, HK
34.32.224.57, 2a0b:21c0:1007:cb:0:b805:7fec:d1f7, DE
34.91.177.185, 2606:f240:f00:5a42:0:d6a1:ca3e:bff1, US
34.65.129.192, 2a0b:21c0:1007:1cb:0:d9ed:e016:c1e3, DE
34.65.27.255, 2606:f240:f00:b2ed:0:d73c:289c:137d, US
34.154.42.103, 2a0b:21c0:100a:1f9:0:33f6:6a41:343d, DE
34.65.171.157, 2a0b:21c0:1007:1c8:0:a739:ff56:1c6, DE
34.65.213.121, 2606:f240:f00:eaf1:0:84b9:54f4:16d8, US
34.154.221.184, 2a0b:21c0:100a:1fa:0:85cf:dccb:3dca, DE
34.116.205.141, 2a0b:21c0:100a:1b0:0:496d:a527:9b75, DE
34.89.203.75, 98.98.156.6, US
34.65.114.26, 2606:f240:f00:5a42:0:caae:cf2b:c9c8, US
34.154.236.234, 2606:f240:f00:6f50:0:575f:78d8:3efb, US
34.150.133.11, 34.150.133.11, US
34.90.252.67, 2a0b:21c0:100a:1b1:0:e2ad:b091:d008, DE
34.154.65.13, 2a0b:21c0:100a:1b1:0:6eb5:97:6d88, DE
35.196.72.166, 35.196.72.166, US
34.65.215.142, 2606:f240:f00:eaf1:0:aa28:5764:d8d1, US
34.65.188.48, 2a0b:21c0:100a:1b3:0:2ab9:4369:a499, DE
34.91.173.57, 2606:f240:f00:5a42:0:602d:199:9346, US
34.116.219.56, 2a0b:21c0:100a:1b1:0:a51e:e729:3482, DE
34.154.132.100, 2a0b:21c0:100a:1b5:0:3544:69a7:8519, DE
34.88.83.49, 5.9.106.85, DE
34.148.187.247, 34.148.187.247, US
34.154.196.80, 2a0b:21c0:1007:ca:0:2626:8cfa:257a, DE
34.147.20.45, 163.123.193.7, DE
34.159.87.254, 2a0b:21c0:100a:1b3:0:a6e2:108a:d4d, DE
34.116.219.218, 2a0b:21c0:1007:1c9:0:85fd:befd:7734, DE
34.90.132.220, 163.123.193.4, DE
34.159.238.41, 2606:f240:f00:eaf1:0:619c:8934:5cd9, US
34.141.215.224, 2606:f240:f00:6acf:0:be0e:8d82:42d4, US
34.118.40.101, 2a0b:21c0:1007:1c9:0:b719:e81e:65a3, DE
34.159.249.13, 98.98.166.202, US
34.159.156.214, 209.177.81.218, US
34.118.62.37, 2a0b:21c0:100a:1b3:0:62a0:e045:8400, DE
34.141.107.242, 2606:f240:f00:b2ed:0:78e8:3d5e:5601, US
34.154.205.86, 2a0b:21c0:1007:1ca:0:2e66:8c93:f1d4, DE
34.116.154.215, 2606:f240:f00:dd8d:0:f295:abe5:9724, US
34.154.206.51, 2606:f240:f00:2be4:0:1289:3367:5bd5, US
34.154.152.98, 2606:f240:f00:5a42:0:b0da:570c:4675, US
34.91.190.132, 2a0b:21c0:1007:1ca:0:89e6:ecca:823d, DE
34.116.206.226, 2a0b:21c0:100a:1b1:0:b0a1:abfc:a33d, DE
35.198.161.26, 98.98.166.178, US
35.246.247.95, 35.246.247.95, DE
34.159.160.217, 2a0b:21c0:100a:1b2:0:34d3:ad67:eba2, DE
34.116.203.238, 2606:f240:f00:46c4:0:47e5:9601:e03, US
34.154.117.230, 2606:f240:f00:46c4:0:dca7:a2bf:3e0, US
34.116.141.48, 2a0b:21c0:100a:1b4:0:e4ed:dbdb:718c, DE
34.116.159.225, 2606:f240:f00:dd8d:0:fd72:222b:30b8, US
34.65.105.132, 2a0b:21c0:100a:1b0:0:2833:d824:e6b9, DE
35.204.29.233, 2a0b:21c0:100a:1b3:0:825d:67b3:d40, DE
34.32.205.67, 2606:f240:f00:2be4:0:b2c1:3a1:1886, US
35.204.35.114, 2a0b:21c0:1007:1c8:0:90e9:6c99:d738, DE
34.154.85.1, 2606:f240:f00:6f50:0:160e:b41d:1857, US
35.197.23.75, 34.83.90.87, US
34.154.200.118, 2606:f240:f00:6f50:0:5037:c259:bcd5, US
35.234.93.115, 2a0b:21c0:100a:1b4:0:cc7b:3f9:b463, DE
34.154.164.117, 2a0b:21c0:100a:1f9:0:58e0:c48:5645, DE
34.118.55.28, 98.98.166.194, US
35.198.67.60, 2a0b:21c0:100a:1b5:0:caaa:fd6a:7006, DE
34.118.119.134, 2606:f240:f00:83a7:0:5823:a23c:7411, US
34.154.113.154, 2606:f240:f00:83a7:0:c70e:b7de:d8a2, US
34.65.148.240, 2a0b:21c0:1007:1c9:0:bf00:36a:2d23, DE
34.116.174.214, 2a0b:21c0:100a:1b0:0:3841:b2:897d, DE
34.65.24.103, 2a0b:21c0:100a:1fa:0:da27:173f:890f, DE
34.34.21.130, 2606:f240:f00:6acf:0:d75e:959c:f0b3, US
34.65.163.152, 2606:f240:f00:83a7:0:e6dd:906e:12b1, US
34.159.212.213, 2a0b:21c0:100a:1b1:0:391c:d209:f3c, DE
34.65.244.68, 98.98.156.22, US
34.90.77.227, 98.98.156.22, US
34.32.196.236, 2a0b:21c0:1007:1ca:0:3641:e0f3:b439, DE
34.105.108.99, 34.105.108.99, US
34.154.77.139, 2a0b:21c0:1007:cb:0:567:8178:d9a2, DE
35.246.191.74, 2606:f240:f00:6f50:0:7442:2887:7692, US
34.154.142.85, 2a0b:21c0:1007:1c9:0:4442:c83c:28bf, DE
34.141.87.147, 2a0b:21c0:100a:1b6:0:7b5b:449b:4990, DE
34.154.104.51, 2a0b:21c0:100a:1b5:0:1653:4e0e:16d2, DE
34.107.92.173, 2a0b:21c0:100a:1b4:0:3de2:ad60:3f89, DE
34.154.115.235, 98.98.156.14, US
34.116.176.52, 2a0b:21c0:1007:1cb:0:9172:c3fb:39e3, DE
34.118.82.136, 98.98.166.202, US
35.247.124.181, 34.105.57.113, US
35.198.141.25, 2a0b:21c0:100a:1b0:0:108a:2a1e:bfe9, DE
34.150.180.124, 34.150.180.124, US
34.141.101.47, 2a0b:21c0:100a:1b0:0:2e7e:ca96:1703, DE
34.154.27.200, 2a0b:21c0:1007:c9:0:2b2e:f164:dc4a, DE
34.154.193.9, 2a0b:21c0:100a:1fa:0:bcd4:614c:e49f, DE
34.150.107.20, 2600:1900:41a0:9702::, HK
34.159.104.132, 2a0b:21c0:1007:cb:0:1d24:4fac:7428, DE
34.154.229.4, 2606:f240:f00:6acf:0:d20f:4dc0:a8f6, US
34.154.193.123, 2606:f240:f00:83a7:0:8349:d10d:853, US
34.154.169.85, 2a0b:21c0:1007:ca:0:c9e4:d11e:f0, DE
35.204.139.87, 2a0b:21c0:1007:1c8:0:fbd4:bbe7:e3af, DE
34.116.249.21, 2a0b:21c0:1007:c9:0:7125:a9aa:9dff, DE
34.34.12.236, 2a0b:21c0:100a:1fa:0:b55c:ca6b:e8f1, DE
34.145.145.76, 34.145.145.76, US
34.118.62.63, 2a0b:21c0:100a:1b2:0:64ed:8b17:e918, DE
34.32.153.53, 163.123.193.9, DE
34.65.104.227, 2a0b:21c0:100a:1b1:0:7f54:9042:cd66, DE
34.154.107.220, 98.98.166.186, US
34.154.63.228, 2606:f240:f00:6acf:0:69b0:5d94:4966, US
34.154.29.142, 98.98.166.58, US
35.242.215.221, 2606:f240:f00:dd8d:0:4781:cbb5:bdfb, US
34.91.163.120, 2606:f240:f00:eaf1:0:618e:cff8:273f, US
34.159.208.192, 163.123.193.8, DE
34.72.146.82, 34.72.146.82, US
34.159.169.112, 2606:f240:f00:dd8d:0:c759:f49b:fa94, US
34.22.77.135, 34.22.77.135, KR
35.204.50.60, 2a0b:21c0:100a:1b1:0:ecc8:7b99:22eb, DE
34.154.23.100, 2a0b:21c0:100a:1b5:0:c292:99fa:9ca7, DE
34.118.68.169, 163.123.193.6, DE
34.118.39.4, 98.98.156.18, US
34.65.224.8, 2a0b:21c0:100a:1b7:0:697:b158:b39d, DE
34.141.64.168, 2a0b:21c0:100a:1b3:0:1741:2266:28db, DE
34.65.97.157, 2a0b:21c0:1007:cb:0:dfb7:126f:901f, DE
34.65.29.186, 163.123.193.24, DE
34.154.253.254, 2a0b:21c0:1007:1c7:0:bcd9:a16c:61c, DE
34.154.56.128, 2a0b:21c0:100a:1b7:0:3cd3:f939:8869, DE
35.246.251.226, 2a0b:21c0:100a:1b6:0:1d0d:b558:f1ac, DE
34.118.71.7, 2a0b:21c0:100a:1b2:0:6ad:894e:45bb, DE
34.65.215.177, 98.98.166.170, US
34.141.28.166, 98.98.156.10, US
35.234.71.243, 2a0b:21c0:100a:1b5:0:7280:c882:c888, DE
34.65.204.88, 2a0b:21c0:1007:1c9:0:fad0:bfd:e30f, DE
34.89.233.152, 2606:f240:f00:5a42:0:ad5c:1865:11a4, US
34.107.106.14, 2a0b:21c0:100a:1f9:0:7e00:ab39:16eb, DE
34.116.251.40, 2606:f240:f00:6f50:0:ea52:da5d:f40, US
34.118.97.51, 163.123.193.5, DE
34.154.200.148, 2a0b:21c0:100a:1b4:0:9824:26a6:acf3, DE
34.118.36.94, 2606:f240:f00:46c4:0:76ba:ab01:24bc, US
34.65.216.199, 2606:f240:f00:2be4:0:c3e6:4e10:dab6, US
34.116.176.79, 2a0b:21c0:100a:1f9:0:63ad:c5ec:593e, DE
34.141.196.166, 2a0b:21c0:100a:1b3:0:c6ac:9053:a576, DE
34.118.68.149, 2606:f240:f00:dd8d:0:9fac:18e4:e88f, US
34.116.241.55, 2606:f240:f00:6acf:0:db79:1559:1ed0, US
34.90.115.177, 2a0b:21c0:100a:1b7:0:57de:1663:2fa, DE
35.234.112.51, 163.123.193.8, DE
34.141.254.190, 2a0b:21c0:100a:1fa:0:7c97:918d:1c69, DE
34.154.87.71, 163.123.193.9, DE
34.154.134.228, 2a0b:21c0:1007:1c7:0:873d:d74c:22c7, DE
34.90.97.178, 2a0b:21c0:100a:1b1:0:a59b:a8fb:6200, DE
34.159.180.192, 2a0b:21c0:1007:1c7:0:59c9:b1cd:b3cb, DE
34.154.88.28, 2a0b:21c0:1007:c8:0:a879:d4c9:8380, DE
34.32.220.124, 2606:f240:f00:b2ed:0:d4be:4a26:bf8f, US
35.204.44.14, 2606:f240:f00:6f50:0:a26:c002:a0af, US
34.141.32.17, 2606:f240:f00:a683:0:f8cd:3c12:c722, US
34.147.115.223, 163.123.193.6, DE
34.154.119.99, 2a0b:21c0:100a:1b4:0:7b91:103a:1c87, DE
34.154.249.105, 2606:f240:f00:46c4:0:c3df:45b1:eb1f, US
34.154.164.20, 98.98.156.34, US
34.154.189.204, 2a0b:21c0:100a:1b4:0:7e00:68d:19a, DE
34.66.72.229, 34.66.72.229, US
34.118.27.184, 2606:f240:f00:a683:0:b2b8:34c4:8063, US
34.159.5.116, 2606:f240:f00:2be4:0:d6a7:307e:f9ba, US
34.147.3.225, 2606:f240:f00:dd8d:0:9955:66cf:502d, US
34.65.238.74, 2a0b:21c0:100a:1b3:0:240d:399:287c, DE
34.116.143.167, 2a0b:21c0:100a:1b4:0:8c97:be42:9e8a, DE
34.69.150.180, 34.69.150.180, US
34.141.93.193, 2a0b:21c0:100a:1b7:0:3b24:f30a:5281, DE
34.116.174.107, 2606:f240:f00:2be4:0:dbe1:19ae:af80, US
34.118.20.24, 2a0b:21c0:100a:1b2:0:df0e:7199:8cb8, DE
34.154.221.175, 2a0b:21c0:1007:c9:0:491a:676:5bac, DE
35.234.84.44, 2a0b:21c0:1007:1c9:0:e30e:5bca:abd0, DE
35.198.190.177, 2606:f240:f00:b2ed:0:577b:a50b:23cb, US
34.65.95.94, 2a0b:21c0:1007:1c9:0:5e0a:8ae0:7aea, DE
34.118.1.108, 2606:f240:f00:5a42:0:988f:87b2:b639, US
34.65.220.67, 2606:f240:f00:83a7:0:9122:d0e0:2d67, US
34.154.224.89, 2606:f240:f00:5a42:0:8dd6:4f33:550, US
34.34.35.183, 163.123.193.5, DE
34.65.183.167, 2a0b:21c0:1007:1ca:0:4cb6:5a26:eaaa, DE
34.107.94.79, 2606:f240:f00:83a7:0:de38:b92:178b, US
35.246.178.223, 163.123.193.8, DE
34.65.202.210, 2a0b:21c0:1007:c7:0:24d3:31e5:70, DE
34.116.133.90, 2a0b:21c0:100a:1b0:0:6861:a6a5:e284, DE
34.86.153.150, 34.86.153.150, US
34.65.161.35, 98.98.156.30, US
34.65.198.87, 2a0b:21c0:100a:1b2:0:8382:6529:b227, DE
34.116.157.236, 2a0b:21c0:1007:c9:0:c1c4:e0:63d8, DE
34.65.210.213, 2a0b:21c0:100a:1f9:0:d045:5825:4b28, DE
34.65.58.3, 2a0b:21c0:1007:c8:0:e0d8:b9e:3287, DE
34.116.157.238, 2a0b:21c0:1007:1c9:0:b55f:c4bb:74b8, DE
34.65.239.183, 98.98.156.10, US
34.116.138.156, 2a0b:21c0:100a:1b4:0:de98:ed61:7435, DE
34.105.49.234, 34.105.57.113, US
34.154.86.221, 2a0b:21c0:1007:1cb:0:6c31:b02c:fe07, DE
34.154.74.38, 2a0b:21c0:1007:c8:0:6046:195e:34fb, DE
35.242.197.5, 2a0b:21c0:1007:1ca:0:cf6e:131c:d01c, DE
35.204.180.18, 2606:f240:f00:6acf:0:2ea7:27f0:ddef, US
34.154.137.95, 2a0b:21c0:100a:1b3:0:5bc1:48cf:6449, DE
34.154.217.195, 2606:f240:f00:eaf1:0:6e5b:5570:9e12, US
35.246.195.29, 2a0b:21c0:100a:1b7:0:4421:e57d:1451, DE
34.147.69.215, 163.123.193.24, DE
35.204.113.35, 163.123.193.8, DE
34.141.174.69, 98.98.166.182, US
34.90.173.34, 2606:f240:f00:46c4:0:9ace:b94d:b6c3, US
34.65.206.32, 2a0b:21c0:100a:1b1:0:cd67:3120:7be4, DE
34.65.171.181, 2a0b:21c0:100a:1b2:0:6d0:8014:aeca, DE
34.154.36.179, 2a0b:21c0:1007:1c8:0:cb6:f157:93ab, DE
34.32.187.0, 2a0b:21c0:100a:1fa:0:1469:e17c:5467, DE
34.82.15.1, 2600:1900:4040:833a:0:2::, US
34.154.228.76, 2606:f240:f00:a683:0:3938:919b:7204, US
35.185.75.107, 35.185.75.107, US
35.190.152.145, 35.190.152.145, US
35.234.109.216, 163.123.193.10, DE
34.65.3.75, 2a0b:21c0:1007:1c9:0:1ebf:d8e1:b605, DE
34.118.127.195, 2606:f240:f00:6f50:0:6e23:e92f:66c7, US
34.118.124.90, 2a0b:21c0:1007:c8:0:f7c4:394f:af31, DE
34.159.26.111, 2a0b:21c0:100a:1b0:0:7e8:c3b1:dca5, DE
34.91.243.21, 2a0b:21c0:1007:1ca:0:1a89:8b41:fa14, DE
34.89.145.108, 2a0b:21c0:1007:1c7:0:77ef:b9c5:5d84, DE
34.91.166.255, 2a0b:21c0:1007:ca:0:1827:bb3e:4307, DE
34.107.41.98, 98.98.166.170, US
34.154.191.57, 2606:f240:f00:5a42:0:84ee:d594:a1e4, US
35.245.36.136, 35.245.36.136, US
34.65.7.101, 2a0b:21c0:100a:1f9:0:50de:1ec7:a0a7, DE
34.88.63.160, 34.88.63.160, FI
34.154.209.20, 163.123.193.6, DE
34.41.252.92, 34.41.252.92, US
34.116.177.76, 2606:f240:f00:6f50:0:c850:2099:507c, US
34.65.153.144, 2a0b:21c0:1007:c7:0:72f5:e777:204b, DE
34.118.30.99, 2a0b:21c0:100a:1b5:0:e7f3:f42d:c3ee, DE
34.116.220.129, 2606:f240:f00:dd8d:0:2516:b7c5:58d5, US
34.90.46.62, 2a0b:21c0:100a:1b5:0:c276:a8dd:2ee8, DE
35.204.54.42, 2a0b:21c0:100a:1b1:0:9082:c1a6:5bf, DE
34.65.97.75, 2a0b:21c0:100a:1b2:0:70de:8a35:a954, DE
104.197.3.69, 104.197.3.69, US
34.154.83.61, 98.98.166.190, US
34.89.171.21, 2a0b:21c0:100a:1b2:0:d4ce:7b82:3586, DE
34.116.239.87, 2a0b:21c0:1007:1c9:0:8b16:98d8:4382, DE
34.65.148.104, 2a0b:21c0:1007:1c9:0:df3d:79e2:a117, DE
34.82.76.253, 34.105.57.113, US
34.34.14.72, 2606:f240:f00:dd8d:0:18de:1e92:e4c0, US
35.200.154.186, 35.200.154.186, IN
34.154.216.61, 2606:f240:f00:dd8d:0:fb0c:99a1:d071, US
34.154.88.6, 2a0b:21c0:1007:1c8:0:6d13:1226:12ba, DE
34.122.12.237, 34.122.12.237, US
34.81.35.248, 34.81.35.248, TW
34.65.43.245, 2a0b:21c0:100a:1b4:0:8399:4dd2:765, DE
34.107.47.45, 2a0b:21c0:100a:1b0:0:59b8:808d:af03, DE
34.116.182.5, 2a0b:21c0:1007:1ca:0:a7dd:428c:fe94, DE
35.204.184.146, 2a0b:21c0:1007:1c8:0:ddd8:83f6:50a1, DE
34.154.4.128, 2a0b:21c0:1007:c8:0:7f10:8dcb:1d83, DE
34.34.3.26, 2606:f240:f00:2be4:0:959e:4b5c:e625, US
34.65.157.194, 2606:f240:f00:5a42:0:5273:8650:bd7d, US
34.154.250.168, 98.98.166.178, US
34.65.18.192, 2a0b:21c0:1007:1c9:0:4d89:e783:d803, DE
34.154.209.199, 163.123.193.7, DE
34.65.71.15, 2606:f240:f00:83a7:0:faf1:3a98:b6ea, US
34.118.69.245, 2a0b:21c0:100a:1b0:0:2169:775e:241e, DE
35.198.127.87, 2a0b:21c0:1007:1ca:0:92a9:a79:b460, DE
34.116.182.68, 2a0b:21c0:100a:1b4:0:a7eb:e63b:8b56, DE
34.34.69.98, 2a0b:21c0:1007:c7:0:c6cb:e908:89f5, DE
34.140.8.109, 34.140.8.109, BE
34.65.9.155, 2606:f240:f00:5a42:0:e7f8:f555:dc7c, US
34.141.181.213, 2606:f240:f00:46c4:0:2b0e:8fcf:48a2, US
35.234.85.36, 163.123.193.24, DE
34.116.255.222, 2a0b:21c0:100a:1b7:0:c2ed:8ed7:7a3d, DE
34.150.195.81, 34.150.195.81, US
35.242.217.81, 2a0b:21c0:1007:1cb:0:bf4:ce65:93e7, DE
34.90.191.52, 98.98.166.178, US
34.147.117.132, 2a0b:21c0:1007:c9:0:39b8:8338:1730, DE
34.65.101.209, 2a0b:21c0:1007:1ca:0:8172:ed43:3527, DE
34.34.26.94, 2a0b:21c0:100a:1b7:0:c5fc:633:b471, DE
34.154.97.96, 98.98.166.186, US
35.246.222.242, 2606:f240:f00:83a7:0:2f79:e143:f5c0, US
34.141.224.165, 2a0b:21c0:100a:1b2:0:f15b:573b:3f51, DE
34.65.181.153, 2a0b:21c0:1007:1ca:0:9296:39c9:2d33, DE
34.90.90.22, 2a0b:21c0:100a:1fa:0:7b7d:111c:9aa9, DE
35.203.182.49, 2600:1900:4040:412::, US
