142.132.161.84, 142.132.161.84, DE
138.201.182.222, 138.201.182.222, DE
95.217.187.130, 2a01:4f9:c010:de27::1, FI
65.109.7.14, 65.109.7.14, FI
91.107.137.38, 91.107.137.38, DE
65.109.188.61, 65.109.188.61, FI
49.13.167.72, 49.13.167.72, DE
91.107.144.232, 91.107.144.232, DE
65.21.24.81, 65.21.24.81, FI
168.119.97.119, 168.119.97.119, DE
91.107.164.103, 104.28.221.34, DE
91.107.140.143, 91.107.140.143, DE
65.109.240.73, 65.109.188.52, FI
91.107.133.241, 91.107.133.241, DE
65.109.172.51, 65.109.172.51, FI
95.217.30.123, 2a01:4f9:c010:3ab1::1, FI
128.140.26.12, 104.28.197.7, DE
195.201.222.219, 195.201.222.219, DE
95.216.139.182, 2a01:4f9:c011:8af7::1, FI
49.13.159.243, 49.13.159.243, DE
168.119.236.10, 168.119.236.10, DE
49.13.124.138, 2a01:4f8:c013:1a2b::1, DE
91.107.140.119, 91.107.140.119, DE
65.108.81.159, 65.108.81.159, FI
65.109.200.23, 65.109.200.23, FI
49.13.192.243, 49.13.192.243, DE
65.21.1.151, 65.21.1.151, FI
49.13.6.32, 2a01:4f8:c17:5307::1, DE
135.181.131.153, 2a01:4f9:4b:22a6::5, DE
65.109.139.207, 2a01:4f9:c011:80f2::1, FI
65.109.237.14, 65.109.237.14, FI
49.13.131.128, 2a01:4f8:c012:8bee::1, DE
49.13.192.226, 49.13.192.226, DE
116.203.4.14, 65.109.201.150, FI
138.201.145.163, 138.201.145.163, DE
94.130.25.121, 94.130.25.121, DE
135.181.46.198, 2a01:4f9:c011:ba0d::1, FI
5.75.197.100, 2a01:4f8:1c1c:636c::1, DE
65.109.204.225, 65.109.204.225, FI
49.13.93.68, 49.13.93.68, DE
128.140.113.128, 128.140.113.128, DE
5.75.209.205, 135.181.85.117, FI
88.198.75.76, 88.198.75.76, DE
65.109.192.205, 2a01:4f9:c010:75c3::1, FI
135.181.155.127, 135.181.155.127, FI
65.109.177.161, 65.109.177.161, FI
135.181.253.64, 5.9.106.85, DE
135.181.25.37, 2a01:4f9:c012:cbf3::1, FI
49.13.194.93, 2a01:4f8:1c1b:6a2d::1, DE
49.13.92.32, 49.13.92.32, DE
95.216.159.34, 95.216.159.34, FI
91.107.171.162, 91.107.171.162, DE
49.13.127.198, 49.13.127.198, DE
195.201.234.103, 2a01:4f8:c17:d57a:c9::1, DE
178.63.228.209, 178.63.228.209, DE
5.9.192.27, 5.9.192.28, DE
135.181.91.132, 2a01:4f9:c012:bf28::1, FI
65.21.62.180, 65.21.62.180, FI
142.132.161.111, 142.132.161.111, DE
65.109.216.56, 65.109.216.56, FI
65.109.172.76, 65.109.172.76, FI
5.75.220.133, 91.107.166.87, DE
116.202.184.198, 78.47.170.114, DE
135.181.49.92, 135.181.49.92, FI
91.107.170.62, 91.107.170.62, DE
135.181.158.28, 135.181.158.28, FI
91.107.245.84, 2a01:4f8:1c1b:2c11::1, DE
116.203.164.22, 2a01:4f8:1c1b:4062:c4::1, DE
49.13.22.205, 49.13.22.205, DE
91.107.255.125, 91.107.255.125, DE
5.75.194.204, 2a01:4f8:1c1b:bbe::1, DE
49.12.245.195, 49.12.245.195, DE
159.69.147.159, 2a01:4f8:1c0c:5891::1, DE
65.108.252.24, 65.108.252.24, FI
188.34.194.123, 188.34.194.123, DE
128.140.60.148, 2a01:4f8:c012:211b::1, DE
65.109.218.222, 2a09:bac1:2540::4f:3b, FI
116.203.191.185, 2a01:4f8:1c1e:82cf::1, DE
65.109.191.252, 65.109.191.252, FI
188.34.160.180, 2a01:4f8:c17:21fc::1, DE
49.13.127.9, 2a09:bac5:27ca:1b4b::2b8:72, DE
37.27.23.206, 37.27.23.206, FI
136.243.128.221, 136.243.128.218, DE
91.107.216.25, 91.107.216.25, DE
95.217.243.165, 65.109.188.52, FI
65.109.201.108, 2a01:4f9:c011:17a5::1, FI
167.235.57.61, 167.235.57.61, DE
91.107.156.81, 2a01:4f8:1c1b:3da::1, DE
65.109.210.138, 2a01:4f9:c010:2434::1, FI
178.63.211.116, 178.63.211.116, DE
65.109.194.16, 65.109.183.147, FI
95.216.204.60, 95.216.204.60, FI
168.119.4.66, 168.119.4.66, DE
65.109.201.115, 65.109.201.115, FI
128.140.110.17, 128.140.110.17, DE
128.140.91.52, 128.140.91.52, DE
116.202.13.190, 2a01:4f8:c17:8f69::1, DE
5.75.129.78, 5.75.129.78, DE
159.69.240.187, 159.69.240.187, DE
95.217.240.3, 2a01:4f9:c010:de27::1, FI
78.46.233.187, 78.46.233.187, DE
128.140.86.58, 128.140.86.58, DE
91.107.130.16, 91.107.130.16, DE
65.109.220.225, 65.109.220.225, FI
95.217.147.123, 95.217.147.123, FI
65.109.215.5, 65.109.215.5, FI
49.13.130.48, 49.13.130.48, DE
65.109.216.61, 2a01:4f9:c010:145c::1, FI
49.13.136.47, 49.13.136.47, DE
49.12.98.67, 49.12.98.67, DE
88.99.20.134, 88.99.20.134, DE
138.201.94.92, 2a09:bac5:2aa5:18fa::27d:73, DE
95.216.222.80, 88.208.226.216, GB
65.109.178.99, 65.109.178.99, FI
65.109.183.146, 65.109.183.146, FI
116.203.198.13, 2a01:4f8:c2c:e0be::1, DE
195.201.94.112, 195.201.94.112, DE
195.201.40.174, 195.201.40.174, DE
78.47.84.171, 2a01:4f8:c010:60a4::1, DE
49.13.162.79, 2a01:4f8:1c1b:7387::1, DE
49.13.6.67, 2a01:4f8:c013:10b4::1, DE
91.107.146.214, 91.107.146.214, DE
91.107.245.66, 91.107.245.66, DE
157.90.151.193, 157.90.151.193, DE
65.109.188.52, 65.109.188.52, FI
65.109.209.69, 65.109.209.69, FI
188.34.198.206, 188.34.198.206, DE
78.47.162.59, 78.47.162.59, DE
128.140.26.251, 168.119.246.218, DE
49.13.126.6, 49.13.126.6, DE
65.109.188.233, 2a01:4f9:c010:10cc:b5::1, FI
195.201.45.196, 2a01:4f8:1c1b:13e4::1, DE
88.198.162.53, 2a01:4f8:c17:7bb9::1, DE
49.13.134.253, 49.13.134.253, DE
5.75.203.190, 2a01:4f8:1c1b:2714::1, DE
65.108.55.130, 65.108.55.130, FI
94.130.231.101, 2a01:4f8:1c1c:2fb1::1, DE
91.107.212.26, 2a01:4f8:c012:a84f::1, DE
178.63.230.135, 178.63.230.135, DE
88.99.13.53, 88.99.13.53, DE
78.47.169.83, 2a01:4f8:1c1c:e273::1, DE
135.181.41.26, 135.181.41.26, FI
88.99.84.138, 88.99.84.138, DE
65.109.208.93, 65.109.208.93, FI
188.34.167.224, 188.34.167.224, DE
128.140.83.2, 2a01:4f8:c010:1ce9::1, DE
23.88.62.177, 23.88.62.177, DE
65.21.0.111, 65.21.0.111, FI
159.69.188.166, 159.69.188.166, DE
157.90.149.115, 2a01:4f8:c17:1360::1, DE
65.109.208.32, 2a01:4f9:c011:13f7::1, FI
78.46.242.124, 2a01:4f8:c012:f559::1, DE
176.9.192.232, 176.9.192.232, DE
65.109.203.87, 65.109.203.87, FI
23.88.119.206, 23.88.119.206, DE
5.75.220.90, 2a01:4f8:1c17:e392::1, DE
162.55.32.235, 162.55.32.235, DE
78.47.170.114, 78.47.170.114, DE
116.202.20.101, 116.202.20.101, DE
95.217.134.104, 95.217.134.104, FI
213.133.100.82, 138.199.31.170, GB
91.107.137.231, 2a01:4f8:c010:342f::1, DE
188.40.172.183, 188.40.172.183, DE
95.217.165.228, 95.217.165.228, FI
65.109.163.213, 65.109.163.213, FI
142.132.186.229, 142.132.186.229, DE
37.27.36.15, 2a01:4f9:c012:76eb::1, FI
91.107.162.231, 91.107.162.231, DE
37.27.41.218, 2a01:4f9:c012:9c33::1, FI
116.203.212.221, 2a09:bac5:28dd:18fa::27d:b2, DE
135.181.255.210, 135.181.255.210, FI
135.181.46.229, 135.181.46.229, FI
116.203.195.148, 2a01:4f8:c2c:ee21::1, DE
128.140.65.167, 128.140.65.167, DE
157.90.239.58, 2a01:4f8:1c1b:4062:c4::1, DE
116.202.26.32, 2a01:4f8:c17:87fe::1, DE
91.107.136.85, 2a01:4f8:c010:27d9::1, DE
91.107.136.33, 91.107.136.33, DE
65.21.104.64, 5.9.106.85, DE
91.107.143.152, 2a09:bac5:2aa2:1b4b::2b8:d5, DE
91.107.151.38, 91.107.151.38, DE
65.109.221.15, 2a01:4f9:c010:175e::1, FI
168.119.246.155, 168.119.246.155, DE
128.140.46.90, 128.140.46.90, DE
91.107.246.23, 2a01:4f8:1c1b:18df::1, DE
128.140.77.109, 2a01:4f8:c2c:14d9::1, DE
65.109.135.97, 65.109.135.97, FI
65.109.179.129, 2a01:4f9:c011:5827:f5::1, FI
91.107.178.64, 91.107.178.64, DE
167.235.242.114, 167.235.242.114, DE
5.75.208.215, 2a01:4f8:c17:5307::1, DE
167.235.235.110, 167.235.235.110, DE
91.107.249.221, 91.107.249.221, DE
168.119.176.107, 2a01:4f8:c17:af9b::1, DE
116.202.106.3, 116.202.106.3, DE
65.109.200.223, 65.109.200.223, FI
162.55.168.133, 162.55.168.133, DE
128.140.60.190, 2a01:4f8:c012:81c0::1, DE
91.107.166.209, 2a01:4f8:c010:60a4::1, DE
49.13.132.30, 49.13.132.30, DE
65.108.85.42, 65.108.85.42, FI
91.107.171.208, 91.107.171.208, DE
65.109.221.19, 2a01:4f9:c011:2742:c5::1, FI
65.108.252.91, 2a01:4f9:2a:2171::2, DE
49.13.130.44, 49.13.130.44, DE
168.119.242.109, 168.119.242.109, DE
49.13.119.128, 49.13.119.128, DE
49.13.135.155, 2a09:bac5:280f:1b4b::2b8:ed, DE
178.63.238.119, 178.63.238.119, DE
136.243.128.222, 136.243.128.218, DE
5.75.214.54, 2a01:4f8:c17:5307::1, DE
88.99.226.98, 88.99.226.98, DE
5.75.212.206, 91.107.186.243, DE
188.40.123.168, 188.40.123.168, DE
49.13.59.164, 49.13.59.164, DE
65.109.200.98, 2a01:4f9:c011:2bda::1, FI
167.235.24.106, 2a01:4f8:c0c:b91b::1, DE
65.109.205.107, 65.109.205.107, FI
138.201.112.168, 138.201.112.168, DE
135.181.45.81, 2a01:4f9:2a:1d45::2, DE
95.216.138.105, 2a01:4f9:c012:c9cc::1, FI
128.140.59.231, 128.140.59.231, DE
159.69.86.101, 159.69.86.101, DE
91.107.186.243, 91.107.186.243, DE
95.216.171.73, 95.216.171.73, FI
49.13.203.54, 2a01:4f8:1c1b:5a92::1, DE
116.203.18.115, 116.203.18.115, DE
157.90.168.29, 157.90.168.29, DE
65.109.188.68, 2a01:4f9:2a:1d45::2, DE
188.34.202.63, 188.34.202.63, DE
167.235.145.89, 2a09:bac1:1e20:c0::2b8:2, DE
65.109.180.89, 65.109.180.89, FI
5.75.214.65, 2a01:4f8:c012:9e1d::1, DE
91.107.140.85, 91.107.140.85, DE
65.109.178.241, 65.109.178.241, FI
65.109.240.174, 91.107.178.129, DE
49.12.187.64, 49.12.187.64, DE
88.99.91.117, 88.99.91.117, DE
91.107.242.84, 2a01:4f8:1c1b:26e6::1, DE
5.75.189.71, 5.75.189.71, DE
65.109.177.171, 65.109.177.171, FI
188.40.210.28, 188.40.210.28, DE
37.27.37.13, 2a01:4f9:c011:b846::1, FI
91.107.152.86, 2a01:4f8:1c1b:10a7::1, DE
116.202.181.149, 91.107.185.245, DE
65.109.174.207, 65.109.174.207, FI
65.21.181.88, 65.21.181.88, FI
65.109.134.158, 2a01:4f9:2a:2171::2, DE
5.75.193.63, 5.75.193.63, DE
167.235.204.190, 2a01:4f8:1c17:4e98::1, DE
128.140.85.107, 128.140.85.107, DE
65.108.253.47, 2a01:4f9:c012:b1ae::1, FI
159.69.218.245, 159.69.218.245, DE
94.130.72.184, 94.130.72.184, DE
95.216.146.189, 2a01:4f9:2a:2171::2, DE
65.21.100.147, 65.21.100.147, FI
65.109.129.233, 2a01:4f9:c012:793c::1, FI
65.108.27.244, 65.108.27.244, FI
116.203.255.114, 116.203.255.114, DE
5.75.143.156, 2a09:bac5:28a4:18fa::27d:d6, DE
91.107.147.25, 91.107.147.25, DE
116.203.100.1, 2a01:4f8:1c1c:fa83::1, DE
135.181.35.213, 135.181.35.213, FI
91.107.130.207, 2a01:4f8:1c17:e392::1, DE
65.21.246.145, 65.21.246.145, FI
65.109.132.65, 65.109.132.65, FI
49.12.237.71, 49.12.237.71, DE
65.109.214.104, 2a01:4f9:c011:41fc::1, FI
159.69.92.30, 2a01:4f8:c2c:6bdd::1, DE
195.201.125.205, 195.201.125.205, DE
37.27.42.20, 37.27.42.20, FI
49.13.135.185, 49.13.135.185, DE
188.34.165.186, 188.34.165.186, DE
65.21.164.185, 65.21.164.185, FI
78.47.154.158, 78.47.154.158, DE
128.140.73.69, 128.140.73.69, DE
91.107.238.152, 2a01:4f8:1c0c:7739::1, DE
5.75.248.9, 2a09:bac1:1e00:28::1d6:32, DE
116.203.2.145, 2a01:4f8:1c1b:213::1, DE
65.109.203.162, 2a01:4f9:2a:2171::2, DE
78.46.214.172, 2a01:4f8:c013:2672::1, DE
91.107.176.56, 91.107.176.56, DE
95.216.158.22, 2a01:4f9:c010:1d0a::1, FI
135.181.202.76, 135.181.202.76, FI
91.107.152.167, 91.107.152.167, DE
5.75.206.16, 5.75.206.16, DE
116.203.144.69, 2a01:4f8:1c1b:60f6::1, DE
138.201.159.78, 138.201.159.78, DE
142.132.140.130, 142.132.140.130, DE
195.201.231.143, 2a01:4f8:1c1e:da50::1, DE
159.69.157.7, 159.69.157.7, DE
116.203.84.158, 116.203.84.158, DE
91.107.196.121, 91.107.196.121, DE
95.217.133.53, 95.217.133.53, FI
168.119.18.196, 168.119.18.196, DE
138.201.155.233, 2a01:4f8:c012:6540::1, DE
142.132.227.11, 142.132.227.11, DE
65.109.214.164, 65.109.214.164, FI
135.181.85.117, 135.181.85.117, FI
91.107.184.190, 91.107.184.190, DE
136.243.233.177, 136.243.233.177, DE
91.107.145.180, 2a01:4f8:1c1b:213::1, DE
136.243.244.198, 136.243.244.198, DE
65.21.107.200, 65.21.107.200, FI
91.107.203.20, 91.107.203.20, DE
49.13.95.56, 49.13.95.56, DE
65.21.245.30, 65.21.245.30, FI
65.109.15.249, 2a09:bac5:31c9:319::4f:84, FI
49.12.110.72, 49.12.110.72, DE
65.21.188.161, 65.21.188.161, FI
65.109.241.153, 2a01:4f9:c011:227a::1, FI
91.107.175.114, 91.107.175.114, DE
65.109.215.158, 65.109.215.158, FI
91.107.246.15, 91.107.246.15, DE
91.107.173.212, 2a01:4f8:c010:6d54::1, DE
91.107.240.113, 91.107.240.113, DE
65.108.217.232, 2a01:4f9:c011:12b2::1, FI
49.13.198.232, 49.13.198.232, DE
78.47.146.151, 78.47.146.151, DE
95.217.69.227, 95.217.69.227, FI
157.90.112.190, 2a01:4f8:1c1c:1b14::1, DE
91.107.171.252, 91.107.171.252, DE
65.109.182.235, 2a01:4f9:c011:1dd9:c2::1, FI
91.107.175.131, 2a01:4f8:c010:5d2d::1, DE
157.90.116.42, 157.90.116.42, DE
91.107.215.245, 2a01:4f8:c013:15b1::1, DE
65.109.203.94, 2a01:4f9:c010:7480::1, FI
5.75.190.64, 5.75.190.64, DE
5.75.198.105, 5.75.198.105, DE
49.13.164.192, 49.13.164.192, DE
95.217.233.114, 2a01:4f9:c011:9e03::1, FI
162.55.218.170, 2a01:4f8:1c1c:3b9f::1, DE
65.109.194.70, 65.109.194.70, FI
23.88.43.6, 2a01:4f8:c013:992::1, DE
65.109.1.76, 65.109.1.76, FI
91.107.150.4, 91.107.150.4, DE
65.109.215.176, 65.109.215.176, FI
65.109.212.183, 65.109.212.183, FI
128.140.6.32, 128.140.6.32, DE
95.216.163.179, 2a01:4f9:2a:1d45::2, DE
91.107.154.179, 91.107.154.179, DE
65.109.206.107, 65.109.206.107, FI
91.107.246.200, 2a01:4f9:2a:2171::2, DE
65.109.213.181, 2a01:4f9:c011:14f9::1, FI
144.76.61.71, 2a01:4f8:191:7043::2, DE
49.13.64.206, 49.13.64.206, DE
49.13.170.156, 49.13.170.156, DE
128.140.44.66, 2a01:4f8:1c1e:e306::1, DE
91.107.166.87, 91.107.166.87, DE
65.109.176.15, 65.109.176.15, FI
5.75.214.107, 65.21.181.88, FI
91.107.144.226, 2a01:4f8:1c1b:1c3f::1, DE
91.107.158.203, 91.107.158.203, DE
65.109.212.241, 65.109.212.241, FI
128.140.46.3, 128.140.46.3, DE
78.47.184.204, 2a09:bac5:2adf:1282::1d8:1f1, DE
162.55.223.179, 162.55.223.179, DE
5.9.188.232, 5.9.188.232, DE
37.27.40.171, 37.27.40.171, FI
49.13.116.207, 2a01:4f8:c013:1b40::1, DE
91.107.142.78, 91.107.142.78, DE
116.203.223.134, 2a01:4f8:1c1e:aaaa::1, DE
91.107.254.51, 2a01:4f8:1c1b:809::1, DE
116.203.5.228, 91.107.183.143, DE
49.13.135.27, 49.13.135.27, DE
128.140.95.36, 128.140.95.36, DE
49.13.126.117, 2a01:4f8:c012:1508::1, DE
116.203.166.100, 91.107.158.203, DE
142.132.238.184, 142.132.238.184, DE
116.203.140.175, 116.203.140.175, DE
65.109.192.40, 2a01:4f9:c011:2a86::1, FI
37.27.43.44, 2a01:4f9:2a:2171::2, DE
37.27.41.82, 37.27.41.82, FI
65.109.10.160, 65.109.10.160, FI
49.13.63.141, 104.28.218.207, DE
5.75.200.143, 2a01:4f9:2a:2171::2, DE
65.21.185.3, 2a01:4f9:c010:6b5e::1, FI
168.119.52.192, 168.119.52.192, DE
65.109.178.233, 2a01:4f9:c011:102b::1, FI
176.9.163.49, 176.9.163.49, DE
65.109.243.133, 37.27.23.206, FI
91.107.142.214, 91.107.142.214, DE
91.107.167.5, 2a01:4f8:c010:742f::1, DE
128.140.6.123, 128.140.6.123, DE
128.140.99.244, 128.140.99.244, DE
65.109.216.127, 65.109.216.127, FI
94.130.150.44, 94.130.150.44, DE
188.34.179.101, 188.34.179.101, DE
135.181.207.176, 2a01:4f9:c011:b531::1, FI
128.140.51.150, 128.140.51.150, DE
91.107.167.134, 2a09:bac5:2aa2:126e::1d6:12d, DE
148.251.207.49, 148.251.207.49, DE
162.55.219.102, 2a01:4f8:c2c:7b59::1, DE
65.109.187.47, 2a01:4f9:c010:453b::1, FI
65.109.230.123, 2a01:4f9:2a:1d45::2, DE
65.109.209.127, 65.109.209.127, FI
65.109.203.195, 65.109.203.195, FI
49.12.197.237, 49.12.197.237, DE
95.216.29.14, 2a01:4f9:2a:1d45::2, DE
65.21.148.43, 2a01:4f9:2a:2171::2, DE
49.13.144.192, 49.13.144.192, DE
49.12.8.237, 49.12.8.237, DE
65.109.241.129, 65.109.212.183, FI
91.107.184.245, 2a01:4f8:1c17:ce14::1, DE
65.108.89.220, 65.108.89.220, FI
91.107.245.247, 91.107.245.247, DE
116.203.165.143, 91.107.166.87, DE
78.47.170.104, 78.47.170.104, DE
167.235.158.223, 167.235.158.223, DE
37.27.10.22, 37.27.10.22, FI
65.109.220.236, 2a01:4f9:2a:2171::2, DE
136.243.128.217, 136.243.128.218, DE
167.235.82.101, 167.235.82.101, DE
49.13.22.47, 2a01:4f8:c17:b779::1, DE
65.109.192.80, 5.9.106.85, DE
65.108.210.204, 65.108.210.204, FI
65.109.198.178, 65.109.198.178, FI
65.108.219.210, 2a01:4f9:c010:c4d0:c2::1, FI
91.107.185.245, 91.107.185.245, DE
65.109.198.223, 65.109.198.223, FI
49.13.53.182, 2a01:4f8:c012:9e1d::1, DE
88.99.189.60, 88.99.189.60, DE
157.90.161.124, 2a09:bac1:1e60:20::2b8:ec, DE
91.107.133.36, 2a01:4f8:1c17:d718::1, DE
116.203.231.50, 2a01:4f8:1c1b:3ce::1, DE
37.27.27.166, 37.27.27.166, FI
65.109.185.236, 65.109.185.236, FI
188.34.200.15, 188.34.200.15, DE
78.47.110.180, 78.47.110.180, DE
116.203.110.136, 116.203.110.136, DE
116.203.82.60, 2a01:4f8:c2c:a6b4::1, DE
78.47.58.243, 78.47.58.243, DE
37.27.41.151, 37.27.41.151, FI
49.13.198.246, 49.13.198.246, DE
65.109.199.244, 2a01:4f9:c010:896::1, FI
65.109.188.158, 65.109.188.158, FI
49.13.73.251, 49.13.73.251, DE
5.9.176.150, 5.9.176.150, DE
88.198.216.95, 88.198.216.95, DE
91.107.170.183, 91.107.170.183, DE
188.40.148.181, 188.40.148.181, DE
49.13.130.132, 49.13.130.132, DE
95.217.155.74, 95.217.155.74, FI
95.217.232.136, 95.217.232.136, FI
49.13.2.188, 49.13.2.188, DE
157.90.55.109, 157.90.55.106, DE
65.109.182.110, 2a09:bac5:31cd:319::4f:70, FI
159.69.83.120, 159.69.83.120, DE
49.13.120.139, 2a01:4f8:c013:1ad5::1, DE
116.202.22.44, 116.202.22.44, DE
65.109.183.147, 65.109.183.147, FI
94.130.190.125, 2a01:4f8:c010:742f::1, DE
37.27.42.194, 5.9.106.85, DE
65.108.159.73, 2a01:4f9:c010:c34e::1, FI
65.108.220.176, 2a01:4f9:c012:51e3::1, FI
138.201.115.237, 138.201.115.237, DE
195.201.248.72, 91.107.158.203, DE
23.88.42.32, 2a01:4f8:c013:1f40::1, DE
65.109.221.191, 65.109.221.191, FI
168.119.124.192, 168.119.124.192, DE
49.13.56.166, 49.13.56.166, DE
91.107.169.83, 91.107.169.83, DE
65.109.201.197, 2a01:4f9:c010:3ab1::1, FI
65.109.181.85, 65.109.181.85, FI
167.235.192.247, 167.235.192.247, DE
168.119.251.73, 168.119.251.73, DE
91.107.183.65, 91.107.183.65, DE
65.108.249.188, 65.108.249.188, FI
78.47.129.148, 2a01:4f8:1c1b:7769::1, DE
23.88.37.243, 2a01:4f8:c17:ae85::1, DE
88.99.21.242, 88.99.21.242, DE
135.181.93.244, 2a09:bac5:31cf:319::4f:4f, FI
159.69.50.228, 159.69.50.228, DE
95.216.168.249, 95.216.168.249, FI
78.47.136.136, 78.47.136.136, DE
65.109.214.160, 2a01:4f9:c011:480::1, FI
128.140.62.205, 128.140.62.205, DE
5.9.219.82, 5.9.219.82, DE
168.119.153.98, 168.119.153.98, DE
49.13.192.238, 49.13.192.238, DE
65.109.185.152, 2a01:4f9:2a:2171::2, DE
128.140.42.219, 128.140.42.219, DE
94.130.104.64, 94.130.104.64, DE
49.13.95.11, 2a01:4f8:c010:9f41::1, DE
128.140.97.64, 2a01:4f9:2a:2171::2, DE
91.107.156.102, 2a01:4f9:2a:1d45::2, DE
91.107.251.194, 91.107.251.194, DE
65.108.62.177, 2a01:4f9:2a:1d45::2, DE
168.119.119.232, 168.119.119.232, DE
188.34.163.98, 188.34.163.98, DE
37.27.37.253, 2a01:4f9:2a:2171::2, DE
23.88.35.16, 23.88.35.16, DE
135.181.108.32, 135.181.108.32, FI
128.140.47.104, 2a01:4f8:1c1b:6135::1, DE
128.140.85.74, 2a01:4f8:c17:3be0::1, DE
49.13.94.226, 2a01:4f8:c17:a58d::1, DE
135.181.43.185, 135.181.43.185, FI
65.109.201.150, 65.109.201.150, FI
65.21.55.167, 65.21.55.167, FI
65.109.188.70, 65.109.188.70, FI
95.217.251.235, 95.217.251.235, FI
65.109.176.234, 2a01:4f9:c011:6fdb::1, FI
91.107.228.62, 91.107.228.62, DE
65.108.245.196, 65.108.245.196, FI
95.217.0.45, 95.217.0.45, FI
49.12.236.107, 2a01:4f8:c2c:c48b::1, DE
135.181.251.248, 135.181.251.248, FI
88.99.174.187, 88.99.174.187, DE
168.119.157.216, 168.119.157.216, DE
116.202.181.110, 91.107.170.183, DE
49.13.192.138, 49.13.192.138, DE
91.107.146.178, 2a01:4f8:1c1b:2553::1, DE
116.203.132.226, 116.203.132.226, DE
5.75.212.171, 91.107.186.243, DE
49.13.32.49, 91.107.185.245, DE
94.130.181.88, 94.130.181.88, DE
94.130.186.194, 94.130.186.194, DE
91.107.179.126, 91.107.179.126, DE
5.75.129.51, 5.75.129.51, DE
167.235.32.206, 167.235.32.206, DE
135.181.41.162, 135.181.41.162, FI
88.198.147.242, 88.198.147.242, DE
5.75.204.41, 5.75.204.41, DE
49.12.45.119, 49.12.45.119, DE
162.55.218.207, 2a01:4f8:c2c:23f9::1, DE
157.90.153.15, 157.90.153.15, DE
5.75.175.70, 2a01:4f8:1c1c:8e52::1, DE
78.47.132.211, 2a01:4f9:2a:2171::2, DE
167.235.78.70, 2a01:4f8:1c1c:145::1, DE
95.217.222.234, 95.217.222.234, FI
95.217.160.13, 2a01:4f9:2a:1d45::2, DE
142.132.167.80, 142.132.167.80, DE
49.13.88.123, 49.13.88.123, DE
167.235.154.143, 167.235.154.143, DE
49.13.192.189, 49.13.192.189, DE
95.216.192.214, 2a01:4f9:c010:325a::1, FI
91.107.178.129, 91.107.178.129, DE
168.119.109.208, 2a01:4f8:c17:44e0::1, DE
65.109.217.81, 2a01:4f9:c011:227a::1, FI
95.217.129.233, 95.217.129.233, FI
91.107.148.127, 91.107.148.127, DE
95.217.240.6, 2a01:4f8:1c17:4e98::1, DE
95.217.180.124, 95.217.180.124, FI
157.90.108.21, 157.90.108.21, DE
65.109.242.37, 2a01:4f9:2a:2171::2, DE
91.107.191.35, 91.107.191.35, DE
95.216.33.38, 2a01:4f9:2a:2171::2, DE
49.13.55.229, 49.13.55.229, DE
128.140.120.249, 128.140.120.249, DE
23.88.44.187, 2a01:4f8:c17:7ef7:b23f::1, DE
95.217.243.179, 2a01:4f8:1c17:4e98::1, DE
5.9.106.85, 5.9.106.85, DE
49.13.167.80, 2a01:4f8:1c1b:72a1:cd5a::1, DE
88.99.80.146, 88.99.80.146, DE
5.75.210.165, 5.75.204.41, DE
142.132.178.99, 142.132.178.99, DE
37.27.14.82, 37.27.14.82, FI
157.90.152.149, 157.90.152.149, DE
91.107.240.52, 2a01:4f8:1c1b:2573::1, DE
65.21.50.136, 65.21.50.136, FI
65.109.207.94, 65.109.207.94, FI
159.69.29.110, 159.69.29.110, DE
65.109.182.147, 2a01:4f9:c011:6585:c6::1, FI
37.27.0.128, 37.27.0.128, FI
65.21.78.38, 2a01:4f9:3b:52b1::2, DE
5.75.204.243, 2a01:4f8:1c1b:2e0c::1, DE
157.90.162.24, 157.90.162.24, DE
49.13.5.222, 49.13.5.222, DE
116.203.28.43, 116.203.28.43, DE
65.109.219.62, 2a01:4f9:c011:851::1, FI
23.88.51.251, 23.88.51.251, DE
128.140.3.180, 2a01:4f8:1c1c:ce4c::1, DE
128.140.50.32, 128.140.50.32, DE
88.198.213.8, 88.198.213.8, DE
5.75.227.181, 5.75.227.181, DE
49.13.159.169, 49.13.159.169, DE
168.119.246.218, 168.119.246.218, DE
65.109.195.60, 65.109.195.60, FI
91.107.188.152, 2a01:4f8:c010:628a::1, DE
91.107.136.59, 91.107.136.59, DE
5.75.141.207, 5.75.141.207, DE
136.243.128.219, 136.243.128.218, DE
5.75.160.219, 5.75.160.219, DE
135.181.43.238, 135.181.43.238, FI
188.34.188.65, 2a01:4f8:c013:5b::1, DE
91.107.253.156, 2a01:4f8:1c1b:1c47::1, DE
49.13.150.80, 2a01:4f8:1c1b:8d7e::1, DE
91.107.233.191, 91.107.233.191, DE
91.107.164.223, 91.107.164.223, DE
5.75.194.31, 5.75.194.31, DE
135.181.253.236, 95.217.210.249, FI
91.107.253.253, 65.109.214.164, FI
95.217.221.188, 2a01:4f9:2a:2171::2, DE
128.140.27.154, 91.107.140.119, DE
65.109.221.28, 2a01:4f9:2a:2171::2, DE
91.107.179.70, 91.107.179.70, DE
128.140.59.187, 128.140.59.187, DE
91.107.129.229, 2a01:4f8:c010:bf5::1, DE
116.203.58.165, 116.203.58.165, DE
49.13.80.174, 49.13.80.174, DE
65.109.211.96, 2a01:4f9:2a:2171::2, DE
94.130.171.205, 94.130.171.205, DE
135.181.88.17, 135.181.88.17, FI
88.99.36.25, 2a01:4f8:c17:54d0::1, DE
5.75.194.219, 2a01:4f8:1c1b:1a7::1, DE
136.243.128.218, 136.243.128.218, DE
91.107.190.218, 91.107.190.218, DE
49.12.79.210, 49.12.79.210, DE
91.107.180.18, 2a01:4f8:c010:726e::1, DE
167.235.200.109, 2a01:4f8:c012:214a::1, DE
5.9.219.79, 5.9.219.79, DE
95.216.198.123, 95.216.198.123, FI
65.109.167.39, 65.109.167.39, FI
5.75.197.62, 2a01:4f8:1c1b:2b11::1, DE
116.203.211.71, 2a01:4f8:c0c:8d29::1, DE
95.217.214.3, 2a01:4f9:c010:964e::1, FI
65.109.163.154, 65.109.163.154, FI
91.107.183.143, 2a01:4f8:1c17:f653::1, DE
136.243.128.220, 136.243.128.218, DE
195.201.31.140, 195.201.31.140, DE
5.75.209.128, 95.216.159.34, FI
188.40.183.135, 188.40.183.135, DE
128.140.82.220, 128.140.82.220, DE
23.88.88.104, 23.88.88.104, DE
157.90.151.60, 2a01:4f8:c17:c6c7::1, DE
65.109.240.205, 2a01:4f9:c010:de27::1, FI
167.235.219.184, 168.119.246.218, DE
49.12.201.115, 49.12.201.115, DE
