185.87.192.102, 2a09:bac5:5154:18fa::27d:fa, RU
185.22.232.146, 185.22.232.146, RU
185.87.192.175, 185.87.192.175, RU
95.181.230.221, 104.28.198.242, RU
37.143.8.205, 37.143.8.205, RU
95.183.13.104, 95.183.13.104, RU
5.35.100.80, 5.35.100.80, RU
95.183.13.127, 2a09:bac5:5154:1b4b::2b8:d0, RU
217.144.98.109, 2a09:bac5:5154:18fa::27d:eb, RU
185.87.194.79, 185.87.194.79, RU
185.87.194.47, 185.87.194.47, RU
95.181.230.49, 95.181.230.49, RU
95.183.13.164, 2a09:bac5:5152:1b4b::2b8:f6, RU
185.87.194.228, 5.35.103.56, SK
