104.194.73.8, 104.194.73.8, US
216.24.184.77, 216.24.184.77, US
23.105.208.178, 23.105.208.178, US
144.168.60.161, 144.168.60.161, US
74.211.103.154, 74.211.103.154, US
216.24.186.117, 216.24.186.117, US
172.96.203.11, 172.96.203.11, US
216.24.182.23, 216.24.182.23, US
192.69.91.176, 192.69.91.176, US
199.180.112.162, 199.180.112.162, US
74.211.104.65, 74.211.104.65, US
172.96.194.28, 172.96.194.28, US
64.64.237.222, 64.64.237.222, US
173.242.126.87, 173.242.126.87, US
172.93.46.33, 172.93.46.33, US
199.193.126.234, 199.193.126.234, US
216.24.179.125, 216.24.179.125, US
192.69.91.137, 192.69.91.137, US
80.251.216.179, 80.251.216.179, US
74.211.108.182, 74.211.108.182, US
67.230.174.219, 67.230.174.219, US
64.64.235.203, 64.64.235.203, US
93.179.114.142, 93.179.114.142, US
199.193.127.14, 199.193.127.14, US
144.34.171.124, 144.34.171.124, US
199.19.109.139, 199.19.109.139, US
212.50.252.56, 212.50.252.56, JP
104.129.180.20, 104.129.180.20, CA
104.224.167.96, 104.224.167.96, US
192.69.91.31, 192.69.91.31, US
104.128.88.62, 104.128.88.62, US
107.182.26.105, 107.182.26.105, US
64.64.242.65, 64.64.242.65, US
216.24.183.139, 216.24.183.139, US
89.208.247.17, 89.208.247.17, US
104.225.146.64, 104.225.146.64, US
74.211.111.53, 74.211.111.53, US
192.243.126.93, 192.243.126.93, JP
212.50.246.101, 212.50.246.101, US
80.251.211.116, 80.251.211.116, US
144.168.62.88, 144.168.62.88, US
74.120.173.112, 74.120.173.112, US
199.193.127.13, 199.193.127.13, US
174.137.53.3, 174.137.53.3, US
199.180.119.22, 199.180.119.22, US
199.19.106.202, 199.19.106.202, US
216.24.177.22, 216.24.177.22, US
67.230.169.170, 67.230.169.170, US
173.242.112.118, 8.219.241.189, SG
95.169.24.86, 95.169.24.86, US
89.208.240.32, 89.208.240.32, US
45.78.79.86, 45.78.79.86, US
45.78.50.137, 45.78.50.137, JP
178.157.56.27, 178.157.56.27, JP
199.193.124.160, 199.193.124.160, US
144.168.60.84, 144.168.60.84, US
64.64.230.87, 64.64.230.87, US
199.19.107.134, 199.19.107.134, US
212.50.246.211, 212.50.246.211, US
80.251.211.136, 80.251.211.136, US
206.190.238.27, 206.190.238.27, JP
74.211.109.8, 74.211.109.8, US
199.180.119.77, 199.180.119.77, US
67.230.176.165, 67.230.176.165, US
212.50.232.18, 212.50.232.18, JP
66.112.213.121, 2001:470:c:757::4, US
172.96.255.144, 172.96.255.144, US
45.78.1.88, 45.78.1.88, US
64.64.242.122, 64.64.242.122, US
23.105.209.171, 23.105.209.171, US
64.64.224.194, 64.64.224.194, US
64.64.230.77, 64.64.230.77, US
144.34.164.252, 144.34.164.252, US
104.128.95.85, 104.128.95.85, US
172.93.44.100, 172.93.44.100, US
199.19.111.208, 199.19.111.208, US
192.243.119.121, 192.243.119.121, US
68.168.133.189, 68.168.133.189, US
173.242.124.242, 173.242.124.242, US
144.168.56.105, 2a09:bac1:7680:3d0::26a:28, US
64.64.226.50, 64.64.226.50, US
23.105.192.181, 23.105.192.181, US
185.212.58.2, 185.212.58.2, JP
144.34.185.148, 144.34.185.148, US
67.216.196.226, 67.216.196.226, US
212.50.230.9, 212.50.230.9, US
104.194.77.148, 104.194.77.148, US
104.128.94.226, 104.128.94.226, US
89.208.243.212, 89.208.243.212, US
216.24.185.98, 216.24.185.98, US
104.160.32.161, 104.160.32.161, US
144.34.153.133, 144.34.153.133, US
144.34.168.187, 144.34.168.187, US
64.64.234.248, 64.64.234.248, US
138.128.223.210, 138.128.223.210, US
216.24.188.211, 216.24.188.211, US
176.122.145.231, 176.122.145.231, US
107.182.30.199, 107.182.30.199, US
80.251.213.131, 80.251.213.131, US
104.243.26.126, 104.243.26.126, US
199.193.125.124, 199.193.125.124, US
199.19.108.99, 199.19.108.99, US
216.24.178.29, 216.24.178.29, US
144.34.252.81, 144.34.252.81, US
199.19.107.81, 199.19.107.81, US
74.120.173.60, 74.120.173.60, US
138.128.215.231, 138.128.215.231, US
192.243.125.209, 2a09:bac1:3b40::33:57, JP
212.50.245.17, 212.50.245.17, US
216.24.187.65, 216.24.187.65, US
192.243.127.193, 192.243.127.193, JP
174.137.53.48, 174.137.53.48, US
199.19.105.78, 199.19.105.78, US
199.115.231.229, 199.115.231.229, US
74.120.174.221, 74.120.174.221, US
98.142.137.79, 98.142.137.79, US
74.211.111.208, 74.211.111.208, US
104.194.78.252, 104.194.78.252, US
74.120.168.95, 74.120.168.95, US
192.243.124.149, 192.243.124.149, JP
74.121.151.220, 74.121.151.220, US
64.64.243.50, 64.64.243.50, US
104.243.26.215, 104.243.26.215, US
216.24.181.108, 216.24.181.108, US
104.243.17.63, 104.243.17.63, US
74.211.98.196, 74.211.98.196, US
107.182.30.232, 107.182.30.232, US
80.251.219.108, 80.251.219.108, US
144.168.63.191, 144.168.63.191, US
107.182.23.113, 107.182.23.113, US
144.34.189.86, 144.34.189.86, US
199.180.117.210, 199.180.117.210, US
23.106.140.216, 23.106.140.216, JP
199.19.110.190, 199.19.110.190, US
64.64.243.218, 64.64.243.218, US
172.96.224.233, 172.96.224.233, US
172.96.193.10, 172.96.193.10, US
172.96.192.104, 172.96.192.104, US
104.128.95.235, 2001:470:f38b::1, US
192.69.90.84, 192.69.90.84, US
104.194.72.148, 104.194.72.148, US
199.193.127.249, 199.193.127.249, US
95.163.197.55, 95.163.197.55, US
23.106.131.230, 23.106.131.230, JP
199.19.105.228, 199.19.105.228, US
144.34.182.119, 144.34.182.119, US
104.128.95.2, 104.128.95.2, US
104.243.27.246, 104.243.27.246, US
80.251.216.91, 80.251.216.91, US
64.64.229.149, 64.64.229.149, US
74.120.174.127, 74.120.174.127, US
172.96.202.206, 172.96.202.206, US
80.251.209.65, 80.251.209.65, US
64.64.240.120, 64.64.240.120, US
23.105.220.71, 23.105.220.71, US
144.168.60.228, 144.168.60.228, US
199.19.105.117, 199.19.105.117, US
64.64.228.91, 64.64.228.91, US
23.105.209.115, 23.105.209.115, US
67.218.155.64, 67.218.155.64, US
107.182.184.195, 107.182.184.195, US
64.64.254.112, 64.64.254.112, US
74.120.172.114, 74.120.172.114, US
104.243.20.153, 104.243.20.153, US
74.120.174.34, 74.120.174.34, US
178.157.59.207, 178.157.59.207, JP
