146.70.175.99, 2001:ac8:22:18::8192, NL
62.216.75.212, 88.99.26.203, DE
146.70.175.181, 2001:ac8:22:18::8192, NL
38.180.64.117, 38.180.64.117, GB
146.70.175.121, 2001:ac8:22:18::8192, NL
146.70.169.115, 2001:ac8:22:18::8192, NL
5.252.199.102, 159.69.57.44, DE
146.70.175.175, 2001:ac8:22:18::8192, NL
146.70.175.164, 2001:ac8:22:18::8192, NL
146.70.175.103, 2001:ac8:22:18::8192, NL
146.70.169.116, 2001:ac8:22:18::8192, NL
146.70.175.163, 2001:ac8:22:18::8192, NL
146.70.175.179, 2001:ac8:22:18::8192, NL
146.70.175.98, 2001:ac8:22:18::8192, NL
185.221.198.211, 185.221.198.211, DE
146.70.175.186, 2001:ac8:22:18::8192, NL
146.70.175.108, 2001:ac8:22:18::8192, NL
2.58.45.4, 2.58.45.4, GB
194.5.212.171, 194.5.212.171, DE
45.9.249.213, 45.9.249.213, AE
146.70.175.176, 2001:ac8:22:18::8192, NL
146.70.175.182, 2001:ac8:22:18::8192, NL
103.57.251.152, 103.57.251.152, AE
146.70.175.105, 2001:ac8:22:18::8192, NL
146.70.175.189, 2001:ac8:22:18::8192, NL
176.97.72.215, 176.97.72.215, US
146.70.175.185, 2001:ac8:22:18::8192, NL
38.180.55.161, 38.180.55.161, IT
146.70.175.162, 2001:ac8:22:18::8192, NL
185.200.119.162, 2001:ac8:22:18::8192, NL
194.5.212.105, 194.5.212.105, DE
38.180.92.151, 38.180.92.151, FR
38.180.61.20, 38.180.61.20, US
146.70.175.126, 2001:ac8:22:18::8192, NL
146.70.175.125, 2001:ac8:22:18::8192, NL
146.70.175.178, 2001:ac8:22:18::8192, NL
185.183.104.69, 185.183.104.69, CH
176.97.67.38, 176.97.67.38, AE
146.70.175.166, 2001:ac8:22:18::8192, NL
38.180.86.113, 38.180.86.113, BE
146.70.175.180, 2001:ac8:22:18::8192, NL
185.183.104.71, 185.183.104.71, CH
146.70.175.171, 2001:ac8:22:18::8192, NL
38.180.11.8, 38.180.11.8, AE
146.70.175.107, 2001:ac8:22:18::8192, NL
176.97.77.10, 176.97.77.10, SE
146.70.175.113, 2001:ac8:22:18::8192, NL
146.70.175.170, 2001:ac8:22:18::8192, NL
38.180.58.50, 38.180.58.50, AT
146.70.175.117, 2001:ac8:22:18::8192, NL
79.110.55.248, 79.110.55.248, KR
146.70.175.190, 2001:ac8:22:18::8192, NL
146.70.175.173, 2001:ac8:22:18::8192, NL
146.70.175.104, 2001:ac8:22:18::8192, NL
38.180.54.172, 38.180.54.172, IT
146.70.155.227, 146.70.155.227, AE
146.70.169.117, 2001:ac8:22:18::8192, NL
146.70.175.111, 2001:ac8:22:18::8192, NL
146.70.169.122, 2001:ac8:22:18::8192, NL
185.94.191.30, 185.94.191.30, GB
193.27.14.249, 2001:ac8:20:3900::ab89:ef24, DE
146.70.175.119, 2001:ac8:22:18::8192, NL
185.158.248.233, 185.158.248.233, RO
146.70.175.122, 2001:ac8:22:18::8192, NL
176.97.77.32, 176.97.77.32, SE
193.226.77.245, 193.226.77.245, DE
38.180.54.57, 38.180.54.57, IT
2.58.47.6, 2.58.47.6, GB
192.121.47.24, 192.121.47.24, IT
146.70.175.123, 2001:ac8:22:18::8192, NL
146.70.175.187, 2001:ac8:22:18::8192, NL
146.70.175.120, 2001:ac8:22:18::8192, NL
38.180.23.95, 38.180.23.95, AT
146.70.175.167, 2001:ac8:22:18::8192, NL
38.180.55.90, 38.180.55.90, IT
146.70.175.174, 2001:ac8:22:18::8192, NL
192.121.46.245, 192.121.46.245, IT
146.70.175.188, 2001:ac8:22:18::8192, NL
176.125.231.110, 176.125.231.110, AE
146.70.175.177, 2001:ac8:22:18::8192, NL
146.70.175.101, 2001:ac8:22:18::8192, NL
146.70.175.115, 2001:ac8:22:18::8192, NL
38.180.23.169, 38.180.23.169, AT
146.70.175.172, 2001:ac8:22:18::8192, NL
146.70.175.118, 2001:ac8:22:18::8192, NL
146.70.101.111, 2001:ac8:20:83::20:202, DE
146.70.175.112, 2001:ac8:22:18::8192, NL
146.70.175.116, 2001:ac8:22:18::8192, NL
146.70.169.114, 2001:ac8:22:18::8192, NL
193.142.58.236, 193.142.58.236, RO
146.70.175.110, 2001:ac8:22:18::8192, NL
45.11.181.170, 2a0b:7140:7:1:5054:ff:fe6a:a98, DE
158.255.215.42, 158.255.215.42, FR
146.70.92.153, 146.70.92.153, DK
62.216.81.50, 62.216.81.50, US
146.70.175.124, 2001:ac8:22:18::8192, NL
146.70.175.114, 2001:ac8:22:18::8192, NL
38.180.1.144, 38.180.1.144, NO
146.70.175.109, 2001:ac8:22:18::8192, NL
146.70.169.118, 2001:ac8:22:18::8192, NL
38.180.31.2, 38.180.31.2, FR
146.70.175.100, 2001:ac8:22:18::8192, NL
38.180.3.94, 38.180.3.94, BG
146.70.175.106, 2001:ac8:22:18::8192, NL
146.70.175.102, 2001:ac8:22:18::8192, NL
38.180.78.103, 38.180.78.103, BR
146.70.175.169, 2001:ac8:22:18::8192, NL
146.70.175.183, 2001:ac8:22:18::8192, NL
185.87.150.54, 185.87.150.54, FR
146.70.175.184, 2001:ac8:22:18::8192, NL
38.180.30.217, 38.180.30.217, GB
146.70.175.165, 2001:ac8:22:18::8192, NL
193.29.104.170, 2001:ac8:25:df:0:2000:2be7:fd8c, FR
146.70.125.94, 146.70.125.94, FR
146.70.175.168, 2001:ac8:22:18::8192, NL
146.70.87.210, 2a0d:5600:8:a6:0:1:e023:7036, US
