20.168.54.251, 20.168.54.251, US
51.140.203.107, 2a01:4f9:2a:1d45::2, DE
20.157.221.56, 172.211.30.57, NL
20.46.57.60, 20.46.57.60, AE
74.249.233.213, 74.249.233.213, US
137.135.98.205, 137.135.98.205, US
20.151.238.232, 20.151.238.232, CA
20.91.208.173, 20.91.208.173, SE
20.189.77.66, 20.189.77.66, HK
20.157.97.104, 172.211.30.57, NL
20.168.56.71, 20.168.56.71, US
20.218.116.20, 20.218.116.20, DE
98.70.26.236, 98.70.26.236, IN
20.14.98.47, 20.14.98.47, US
20.203.105.76, 20.203.105.76, AE
20.75.178.96, 20.124.43.232, US
20.77.16.7, 20.77.16.7, GB
20.24.143.80, 20.24.143.80, SG
4.193.39.202, 4.193.39.202, SG
20.246.127.166, 20.246.127.166, US
20.157.97.105, 172.211.30.57, NL
20.205.158.93, 20.205.158.93, SG
13.87.92.42, 13.87.92.42, GB
23.99.123.69, 23.99.123.69, HK
172.208.36.45, 172.208.36.45, US
52.141.25.42, 52.141.25.42, KR
20.150.194.248, 20.150.194.248, US
51.103.208.23, 51.103.208.23, CH
172.188.34.226, 172.188.34.226, SG
104.40.244.228, 40.118.125.198, NL
20.221.32.145, 20.221.32.145, US
20.52.22.151, 20.52.22.151, DE
20.230.146.168, 20.230.146.168, US
20.220.204.217, 20.220.204.217, CA
20.246.144.214, 20.121.84.219, US
172.187.137.150, 172.187.137.150, GB
13.77.43.220, 13.77.43.220, AU
20.243.53.170, 20.243.53.170, JP
20.230.56.62, 20.230.56.62, US
52.249.180.81, 52.249.180.81, US
20.157.97.123, 172.211.30.57, NL
20.212.94.99, 20.212.94.99, SG
23.97.240.99, 23.97.240.99, NL
20.204.122.49, 20.204.122.49, IN
4.240.107.181, 4.240.107.181, IN
20.31.76.102, 20.31.19.224, NL
20.33.18.23, 20.33.18.23, CH
20.74.202.175, 20.74.202.175, AE
20.18.53.106, 20.18.53.106, JP
52.137.60.154, 52.236.146.36, NL
20.47.97.179, 172.211.30.57, NL
20.244.31.14, 20.244.31.14, IN
20.235.105.146, 20.235.105.146, IN
20.27.65.8, 20.27.65.8, JP
20.78.199.172, 20.78.199.172, JP
52.140.200.33, 52.140.200.33, JP
20.126.191.73, 20.126.191.73, NL
20.173.105.112, 20.173.105.112, QA
