148.135.30.163, 148.135.30.163, US
148.135.83.104, 148.135.83.104, US
142.171.81.20, 142.171.81.20, US
142.171.140.134, 142.171.140.134, US
74.48.219.18, 146.70.218.76, US
104.249.156.206, 104.249.156.206, US
142.171.140.152, 2a09:bac1:76c0:3d0::c:2f1, US
142.171.85.241, 142.171.85.241, US
142.171.43.121, 142.171.43.121, US
74.48.89.211, 74.48.89.211, US
148.135.54.146, 148.135.54.146, US
148.135.66.228, 148.135.66.228, US
156.251.182.24, 156.251.182.24, US
74.48.35.16, 88.99.26.203, DE
74.48.140.177, 74.48.140.177, US
148.135.46.46, 148.135.46.46, US
142.171.39.71, 142.171.39.71, US
74.48.17.250, 74.48.17.250, US
148.135.117.130, 148.135.117.130, US
142.171.184.80, 2607:f130:0:105:ff:ff:1bc4:f94b, US
74.48.111.152, 74.48.111.152, US
74.48.1.198, 74.48.1.198, US
74.48.27.185, 74.48.27.185, US
142.171.62.116, 142.171.62.116, US
148.135.114.200, 148.135.114.200, US
185.77.225.24, 185.77.225.24, US
148.135.114.138, 2607:f130:0:146::ad18:bfdc, US
142.171.142.84, 142.171.142.84, US
74.48.27.131, 74.48.27.131, US
74.48.151.74, 2607:f130:0:187::d396:b644, US
64.69.37.10, 2a09:bac5:624a:1846::26b:49, US
154.90.54.58, 51.68.185.188, FR
142.171.46.195, 2607:f130:0:15c::4733:d6e7, US
142.171.228.179, 2a09:bac5:636a:1173::1bd:6d, US
74.48.121.162, 74.48.121.162, US
142.171.131.8, 142.171.131.8, US
142.171.160.121, 142.171.160.121, US
148.135.81.252, 148.135.81.252, US
142.171.132.150, 2607:f130:0:f8:ff:ff:d72e:b9dc, US
74.48.200.178, 74.48.200.178, US
142.171.185.226, 142.171.185.226, US
142.171.242.118, 2607:f130:0:163::6c4a:9b97, US
142.171.9.13, 142.171.9.13, US
74.48.28.98, 74.48.28.98, US
148.135.36.32, 148.135.36.32, US
142.171.140.151, 142.171.140.151, US
74.48.100.117, 74.48.100.117, US
142.171.157.252, 142.171.157.252, US
142.171.9.126, 142.171.9.126, US
142.171.119.229, 142.171.119.229, US
142.171.52.166, 142.171.52.166, US
74.48.184.78, 74.48.184.78, US
148.135.81.16, 2607:f130:0:12f::112, US
142.171.186.140, 88.99.26.203, DE
154.208.10.126, 154.208.10.126, US
74.48.85.50, 74.48.85.50, US
142.171.131.17, 142.171.131.17, US
142.171.230.21, 142.171.230.21, US
148.135.76.204, 148.135.76.204, US
142.171.83.21, 142.171.83.21, US
74.48.30.117, 74.48.30.117, US
142.171.20.226, 2607:f130:0:13d::4e13:49c, US
74.48.74.115, 2607:f130:0:186::ba76:a9a5, US
74.48.134.145, 2607:f130:0:14b::fcd0:2a0a, US
142.171.216.135, 142.171.216.135, US
148.135.80.235, 148.135.80.235, US
142.171.33.170, 142.171.33.170, US
142.171.12.22, 142.171.12.22, US
74.48.7.115, 74.48.7.115, US
142.171.113.222, 142.171.113.222, US
148.135.73.217, 148.135.73.217, US
142.171.76.43, 2607:f130:0:105:ff:ff:c6f6:d815, US
142.171.230.232, 142.171.230.232, US
142.171.45.186, 142.171.45.186, US
142.171.18.98, 2607:f130:0:143::fa34:e5f9, US
142.171.191.210, 142.171.191.210, US
142.171.220.224, 2607:f130:0:15e::22b:3554, US
148.135.15.148, 148.135.15.148, US
148.135.16.13, 148.135.16.13, US
142.171.174.204, 142.171.174.204, US
142.171.47.189, 142.171.47.189, US
142.171.43.24, 142.171.43.24, US
154.90.54.171, 154.90.54.171, AE
142.171.166.116, 2a09:bac5:636f:183c::26a:4b, US
204.13.155.159, 2607:f130:0:11a::40, US
148.135.58.247, 148.135.58.247, US
74.48.54.43, 74.48.54.43, US
142.171.199.4, 142.171.199.4, US
142.171.126.145, 142.171.126.145, US
66.103.217.204, 66.103.217.204, US
142.171.114.15, 142.171.114.15, US
66.103.206.55, 2607:f130:0:105:ff:ff:6e10:1d24, US
74.48.141.154, 2607:f130:0:103::5cde:2ba8, US
