63.141.252.203, 63.141.252.205, US
142.54.189.108, 142.54.189.109, US
63.141.252.204, 63.141.252.205, US
107.150.38.251, 107.150.38.251, US
142.54.189.110, 142.54.189.109, US
142.54.189.107, 142.54.189.109, US
63.141.252.205, 63.141.252.205, US
74.91.29.203, 74.91.29.205, US
74.91.29.202, 74.91.29.205, US
74.91.29.204, 74.91.29.205, US
142.54.189.106, 142.54.189.109, US
142.54.178.210, 142.54.178.213, US
74.91.29.205, 74.91.29.205, US
63.141.252.206, 63.141.252.205, US
142.54.178.211, 142.54.178.213, US
142.54.189.109, 142.54.189.109, US
142.54.178.212, 142.54.178.213, US
142.54.178.213, 142.54.178.213, US
74.91.29.206, 74.91.29.205, US
63.141.252.202, 63.141.252.205, US
142.54.178.214, 142.54.178.213, US
