158.101.181.16, 2606:f240:f00:46c4:0:fb6b:5114:f193, US
138.2.117.219, 138.2.117.219, KR
129.153.51.128, 129.153.51.128, CA
146.56.188.143, 146.56.188.143, KR
138.2.162.131, 2a0b:21c0:100a:1b7:0:aaab:fc37:2be4, DE
141.148.240.146, 2a0b:21c0:100a:1b5:0:4c13:781b:e764, DE
132.145.94.222, 2603:c022:8011:a2ef:1132:4d81:80d3:19b3, KR
132.226.172.56, 132.226.172.56, KR
165.1.66.229, 165.1.66.229, US
152.67.203.96, 2603:c024:0:a100::8888, KR
193.122.109.52, 193.122.109.52, KR
89.168.105.198, 2a0b:21c0:100a:1f9:0:a463:980:900, DE
158.178.246.36, 195.201.198.107, DE
150.136.7.217, 150.136.7.217, US
144.24.78.162, 144.24.78.162, KR
138.2.45.41, 140.83.52.59, JP
138.2.129.183, 2a0b:21c0:100a:1b3:0:acae:3e8b:f982, DE
130.162.241.28, 2a0b:21c0:1007:1cb:0:e507:41de:9547, DE
140.83.52.59, 2603:c023:3:d500:e3fb:2cb5:4477:b2db, JP
129.159.193.230, 2a0b:21c0:100a:1fa:0:ff29:11cc:abf6, DE
152.67.66.149, 152.67.66.149, CH
158.101.196.191, 158.101.196.191, NL
152.67.250.155, 152.67.250.155, US
158.178.155.56, 2a0b:21c0:100a:1f9:0:3f79:2f27:4af1, DE
141.144.193.246, 2606:f240:f00:6acf:0:94a6:50:966, US
168.138.194.74, 104.28.206.182, JP
138.2.103.9, 2603:c024:450c:322d:934a:b6c6:ecc:6c78, SG
146.56.162.25, 146.56.162.25, KR
138.2.231.62, 138.2.231.62, US
130.162.52.108, 2606:f240:f00:83a7:0:3cf2:e6a9:6d2a, US
146.56.166.197, 146.56.166.197, KR
193.123.63.96, 2a0b:21c0:100a:1b4:0:6c38:fdc7:217c, DE
141.147.52.247, 2a0b:21c0:1007:c8:0:8e90:3740:fe0e, DE
84.235.169.234, 84.235.169.234, NL
138.3.251.245, 2a0b:21c0:1007:c8:0:e22c:ffe0:67d5, DE
141.147.63.202, 2606:f240:f00:6f50:0:729d:81ee:5a5d, US
141.144.196.141, 2606:f240:f00:b2ed:0:801e:782e:4b56, US
138.2.45.12, 140.83.52.59, JP
158.101.15.48, 158.101.15.48, US
193.122.12.82, 2a0b:21c0:100a:1b0:0:da0b:5880:f91f, DE
192.18.150.121, 2a09:bac5:184c:1ad2::2ac:4a, CA
139.185.41.233, 2603:c026:8000:2016:b0d7:fdf0:3da8:b59d, AE
140.238.13.96, 140.238.13.96, KR
144.24.191.145, 2a0b:21c0:1007:c8:0:37c9:578a:1bce, DE
132.226.221.10, 132.226.221.10, CH
129.159.200.159, 2606:f240:f00:b2ed:0:104c:8a5f:a75, US
132.145.90.116, 132.145.90.116, KR
132.226.223.36, 152.67.66.208, CH
130.162.225.206, 2a0b:21c0:1007:cb:0:ff44:713b:eb73, DE
192.9.145.230, 192.9.145.230, US
158.180.43.35, 2a0b:21c0:1007:cb:0:9813:3035:e747, DE
146.56.167.171, 2603:c022:8000:4588:140:238:26:16, KR
141.144.232.159, 141.144.232.159, DE
132.145.81.117, 2603:c022:8006:357e:29b3:2ea9:ea2d:8882, KR
129.146.240.62, 129.146.240.62, US
193.122.108.223, 2603:c022:8011:a2ef:9bb6:951d:353d:7703, KR
158.180.13.251, 2a0b:21c0:100a:1b4:0:f81f:ba4:f810, DE
143.47.181.230, 2606:f240:f00:6acf:0:eb7b:b93d:932a, US
138.2.145.231, 2a0b:21c0:1007:c9:0:a0e9:6119:917d, DE
129.146.42.217, 129.146.42.217, US
138.3.222.135, 138.3.222.135, JP
141.147.6.204, 141.147.6.204, DE
144.24.95.189, 144.24.95.189, KR
193.122.101.195, 193.122.101.195, KR
152.70.52.215, 152.70.52.215, NL
129.154.217.76, 159.69.57.44, DE
152.69.199.145, 2603:c023:3:d500:e3fb:2cb5:4477:b2db, JP
130.162.44.118, 2606:f240:f00:46c4:0:7d7f:9d5c:4df1, US
193.123.81.105, 193.123.81.105, AE
150.230.249.0, 150.230.249.0, KR
89.168.118.76, 89.168.118.76, DE
150.136.223.189, 150.136.223.189, US
168.138.42.27, 168.138.42.27, JP
129.159.58.221, 129.159.58.221, BR
150.230.148.148, 2606:f240:f00:83a7:0:6802:e3df:ac3a, US
141.147.168.39, 141.147.168.39, JP
132.226.23.200, 132.226.23.200, KR
152.70.48.168, 2a0b:21c0:1007:1c7:0:87bc:c490:832a, DE
84.235.166.164, 2a0b:21c0:1007:1ca:0:7da0:d162:300, DE
192.9.231.75, 192.9.231.75, US
141.147.163.68, 141.147.163.68, JP
144.24.189.6, 2a0b:21c0:1007:c9:0:4c7b:57d4:5a3f, DE
146.235.219.98, 146.235.219.98, US
130.162.162.176, 130.162.162.176, GB
193.122.148.232, 193.122.148.232, US
138.2.168.159, 2a0b:21c0:1007:c9:0:7c67:a606:7d57, DE
152.67.79.5, 152.67.79.5, CH
143.47.189.210, 2606:f240:f00:83a7:0:8f38:8f8d:253e, US
158.180.15.55, 2a0b:21c0:100a:1b0:0:3436:dcc7:d309, DE
89.168.102.2, 2a0b:21c0:100a:1b0:0:25af:750f:1a23, DE
140.238.49.199, 140.238.49.199, JP
152.70.93.226, 152.70.93.226, KR
138.3.252.80, 2606:f240:f00:83a7:0:c6e0:9fed:a4c1, US
130.162.223.24, 2a0b:21c0:100a:1b1:0:1de5:e70f:822b, DE
138.2.181.126, 2606:f240:f00:46c4:0:e255:c6f3:3554, US
141.147.92.143, 2603:c020:c004:772b:9990:35f2:2b42:33dd, GB
144.24.79.194, 144.24.79.194, KR
89.168.71.64, 2606:f240:f00:5a42:0:a272:7fc5:102, US
213.35.116.67, 213.35.116.67, SG
144.21.43.174, 2a0b:21c0:100a:1b0:0:5c57:d6de:9f8, DE
40.233.77.86, 40.233.77.86, US
150.136.241.40, 150.136.241.40, US
129.159.202.193, 2a0b:21c0:100a:1f9:0:cacd:52e7:fac7, DE
152.70.181.145, 152.70.181.145, DE
130.162.42.226, 2606:f240:f00:83a7:0:ab10:26d0:775, US
130.162.41.17, 2606:f240:f00:46c4:0:6f6c:d9f2:38ba, US
193.122.108.244, 2603:c022:8004:b701:f23c:809:7443:99b9, KR
144.24.179.209, 2a0b:21c0:100a:1b4:0:9754:b0a9:3c7f, DE
141.147.179.76, 141.147.179.76, JP
141.144.204.60, 2a0b:21c0:1007:c9:0:ac0e:da4a:d6aa, DE
143.47.181.252, 2a0b:21c0:100a:1b2:0:b8a1:b6b0:f48e, DE
143.47.179.149, 98.98.156.18, US
141.148.242.206, 2606:f240:f00:dd8d:0:82a8:9f83:3fde, US
158.180.56.29, 2606:f240:f00:dd8d:0:da37:4f6b:20bf, US
138.2.134.8, 2a0b:21c0:100a:1b6:0:1597:891:8881, DE
152.69.223.23, 152.69.223.23, SG
146.56.175.7, 146.56.175.7, KR
213.35.107.210, 213.35.107.210, SG
130.61.87.219, 2603:c020:800f:642e:3224:9fbf:2747:6531, DE
129.159.241.172, 129.159.241.172, DE
144.24.88.107, 144.24.88.107, KR
89.168.127.197, 2a0b:21c0:1007:1c7:0:fe3a:208b:bb7a, DE
141.147.57.184, 2606:f240:f00:dd8d:0:e029:b367:3083, US
158.178.157.200, 2a0b:21c0:1007:1c7:0:ef7f:d38d:d8e5, DE
146.235.16.191, 2603:c024:450a:9300:2a8c:80a6:e30d:8a4d, SG
129.146.248.140, 129.146.248.140, US
141.144.198.94, 2a0b:21c0:1007:1c9:0:c865:13e9:696e, DE
152.70.188.183, 2a0b:21c0:1007:cb:0:b3b4:ddee:a6cb, DE
152.70.51.31, 2a0b:21c0:100a:1b3:0:73af:9941:f715, DE
138.3.254.206, 2a0b:21c0:1007:cb:0:ca0b:ab9d:e76f, DE
129.153.88.16, 129.153.88.16, US
141.144.201.121, 2a0b:21c0:1007:ca:0:38a4:a70a:ed60, DE
144.21.33.65, 144.21.33.65, NL
138.2.144.227, 2a0b:21c0:100a:1b1:0:89b7:ae7:6769, DE
144.24.164.193, 2606:f240:f00:dd8d:0:2f02:4b30:af80, US
129.153.119.97, 129.153.119.97, US
192.9.182.144, 192.9.182.144, AU
152.70.58.255, 163.123.193.10, DE
150.230.149.106, 2a0b:21c0:1007:1c7:0:d266:ede:c239, DE
152.70.61.19, 2a0b:21c0:1007:1c9:0:3c01:821:a896, DE
141.148.241.64, 98.98.166.170, US
144.24.30.113, 144.24.30.113, US
146.56.46.84, 2603:c022:8007:a810::dcba, KR
144.24.85.158, 144.24.85.158, KR
152.70.126.155, 152.70.126.155, US
158.101.203.49, 98.98.156.14, US
152.70.57.159, 2a0b:21c0:1007:c8:0:d148:f7e9:237e, DE
152.70.52.122, 2a0b:21c0:100a:1b6:0:65a7:19cd:1a98, DE
141.144.201.71, 2a0b:21c0:100a:1f9:0:2c7d:71e9:53d2, DE
158.180.47.79, 2a0b:21c0:100a:1b0:0:2768:f14d:c294, DE
193.123.56.103, 2606:f240:f00:eaf1:0:ae0c:c478:3e02, US
144.24.90.13, 144.24.90.13, KR
158.180.18.199, 163.123.193.24, DE
144.21.34.191, 2606:f240:f00:a683:0:c521:a250:876f, US
131.186.42.102, 131.186.42.102, JP
140.238.28.86, 140.238.28.86, KR
141.147.158.154, 2a01:4f9:2a:1d45::2, DE
141.144.202.7, 2a0b:21c0:100a:1b7:0:a1d3:ca79:dd69, DE
129.146.46.164, 129.146.46.164, US
150.230.146.18, 98.98.166.186, US
152.70.71.205, 152.70.71.205, IN
89.168.66.169, 2a0b:21c0:1007:cb:0:7fd7:eef8:bdc8, DE
168.138.206.58, 168.138.206.58, JP
89.168.121.35, 98.98.156.18, US
152.69.219.32, 104.28.254.46, SG
158.180.231.216, 2603:c027:1:5610:e035:d6ae:8635:ee8d, IT
193.122.15.158, 2606:f240:f00:a683:0:fc10:1bd3:8e2a, US
138.2.175.111, 2a0b:21c0:1007:cb:0:13c8:a8e:d3a3, DE
141.147.26.168, 2a0b:21c0:1007:c9:0:f420:db83:fc6, DE
158.178.153.184, 2a0b:21c0:1007:1cb:0:7d2a:ebe3:9ac6, DE
138.2.155.134, 2a0b:21c0:100a:1b6:0:d0bf:46c1:b641, DE
129.146.84.236, 2603:c020:1:f7ee:c1c2:dd13:5e25:4f26, US
132.226.203.9, 2a0b:21c0:1007:c8:0:7fb0:8f1c:889e, DE
141.147.6.229, 2a0b:21c0:1007:c7:0:77a8:e87d:e173, DE
141.144.230.88, 2606:f240:f00:b2ed:0:1ec3:5940:30a6, US
138.2.143.252, 2a0b:21c0:1007:c7:0:93e0:a39a:4218, DE
152.70.52.0, 2606:f240:f00:a683:0:8461:84c6:105e, US
192.18.149.159, 192.18.149.159, CA
158.180.68.56, 158.180.68.56, KR
152.70.62.109, 98.98.166.198, US
144.22.194.78, 144.22.194.78, BR
129.146.243.241, 129.146.243.241, US
140.83.34.97, 140.83.34.97, JP
140.238.213.209, 140.238.213.209, CH
146.56.169.10, 146.56.169.10, KR
141.144.202.26, 2606:f240:f00:a683:0:16bb:c0af:5f3c, US
129.154.50.220, 129.154.50.220, KR
144.24.41.146, 144.24.41.146, US
89.168.77.148, 98.98.156.22, US
129.151.152.254, 129.151.152.254, AE
150.230.60.41, 150.230.60.41, JP
168.138.182.161, 168.138.182.161, SG
146.235.218.129, 146.235.218.129, US
129.80.27.195, 129.80.27.195, US
150.136.121.64, 150.136.121.64, US
138.3.254.39, 138.3.254.39, DE
141.144.246.148, 2a0b:21c0:1007:c8:0:df:b4f9:cda3, DE
146.235.17.31, 146.235.17.31, SG
168.138.177.109, 168.138.177.109, SG
141.144.203.48, 2a0b:21c0:1007:1ca:0:156f:f57e:3a62, DE
141.144.192.177, 2a0b:21c0:1007:1c7:0:ab21:6203:567c, DE
89.168.82.236, 89.168.82.236, DE
152.67.74.84, 152.67.74.84, CH
131.186.35.251, 131.186.35.251, JP
140.83.53.190, 140.83.53.190, JP
141.147.50.128, 2606:f240:f00:eaf1:0:bb5a:96b:986b, US
129.159.84.71, 129.159.84.71, US
84.235.166.19, 2a0b:21c0:1007:ca:0:c4d4:346:ffcd, DE
152.67.223.147, 104.28.207.57, KR
130.162.220.221, 2a0b:21c0:100a:1b2:0:9ba7:5d89:d09c, DE
129.153.95.149, 129.153.95.149, US
64.110.68.190, 64.110.68.190, KR
168.138.15.75, 168.138.15.75, AU
146.56.176.176, 146.56.176.176, KR
155.248.214.55, 155.248.214.55, US
168.138.194.138, 168.138.194.138, JP
140.238.44.27, 140.238.44.27, JP
193.123.62.135, 2a0b:21c0:100a:1fa:0:9ae5:f047:11b, DE
141.147.47.77, 2606:f240:f00:eaf1:0:27c6:90c6:69ee, US
138.2.170.56, 2a0b:21c0:1007:c7:0:57d3:666:bfb8, DE
89.168.109.48, 2606:f240:f00:5a42:0:c005:53ec:4adb, US
129.159.253.22, 98.98.166.186, US
192.18.140.32, 2603:c024:c001:187e:bf78:be6d:4:259b, US
152.69.178.16, 152.69.178.16, AU
158.180.51.160, 2a0b:21c0:1007:1cb:0:4d19:32a0:235f, DE
152.69.234.49, 152.70.102.230, JP
152.70.181.65, 2606:f240:f00:6acf:0:7c3c:d4cf:f5d, US
138.2.232.216, 2603:c024:c00d:b366:b18a:f339:a385:d71a, US
132.226.128.96, 132.145.54.37, GB
158.178.158.206, 163.123.193.4, DE
164.152.17.14, 164.152.17.14, US
129.153.77.133, 129.153.77.133, US
129.154.205.245, 129.154.205.245, KR
150.230.47.17, 150.230.47.17, US
84.235.162.75, 2606:f240:f00:2be4:0:7dba:ab:c62f, US
140.238.195.98, 140.238.195.98, AU
89.168.120.158, 2606:f240:f00:6f50:0:edd4:dfd2:fa1f, US
144.21.35.229, 2a0b:21c0:100a:1b6:0:7b6d:2059:f610, DE
158.178.153.82, 84.235.172.70, NL
141.144.239.157, 2a0b:21c0:1007:1c9:0:8c9e:2a09:5c55, DE
130.162.253.107, 2a0b:21c0:100a:1f9:0:d206:5fe9:f0c2, DE
129.146.169.119, 2603:c020:6:9488:3ad:8eeb:97ea:8a47, US
143.47.178.28, 2a0b:21c0:100a:1b6:0:8442:d37e:13b3, DE
138.2.85.111, 2603:c024:4509:d285:1b50:2a8b:ee2c:3342, SG
130.61.134.180, 2a0b:21c0:100a:1b3:0:a25c:53fc:5ff6, DE
141.148.235.12, 2606:f240:f00:83a7:0:1e9:bed3:55e5, US
141.144.250.246, 2a0b:21c0:1007:1cb:0:4329:b526:35b4, DE
138.2.158.251, 2606:f240:f00:5a42:0:8413:20e2:6999, US
140.83.87.127, 2603:c023:3:d500:e3fb:2cb5:4477:b2db, JP
141.147.186.227, 141.147.186.227, JP
192.9.239.184, 192.9.239.184, US
146.56.146.7, 146.56.146.7, KR
129.159.37.136, 2603:c024:c00d:b366:2fa3:6c2c:5a4d:4067, US
193.122.51.108, 2a0b:21c0:100a:1f9:0:8953:96fb:de83, DE
141.147.39.203, 98.98.166.58, US
140.238.203.213, 140.238.203.213, AU
141.144.199.141, 2606:f240:f00:a683:0:f821:72f2:ee9b, US
152.67.76.210, 140.238.220.190, CH
213.35.106.83, 213.35.106.83, SG
130.61.8.232, 2a0b:21c0:100a:1b4:0:508:cc10:bb49, DE
158.178.150.26, 141.144.195.195, NL
152.70.58.102, 2a0b:21c0:1007:c7:0:fb30:5bfe:924, DE
89.168.114.19, 2606:f240:f00:5a42:0:bf6f:8d73:f39b, US
150.136.61.148, 2603:c020:4009:349a:e5b2:21c2:5db7:b3d3, US
158.101.154.243, 158.101.154.243, JP
141.144.234.149, 2a0b:21c0:1007:cb:0:fefb:2d33:fe1, DE
146.235.18.35, 2603:c024:4509:d285:0:1111:2222:3333, SG
141.144.202.67, 2a0b:21c0:100a:1b5:0:e057:581f:cfc8, DE
141.144.247.227, 2a0b:21c0:100a:1f9:0:43d8:db15:423b, DE
158.178.145.61, 2a0b:21c0:100a:1fa:0:e20b:4397:3334, DE
141.144.206.157, 2a0b:21c0:100a:1b7:0:f04c:8c3f:88e0, DE
129.154.252.32, 2603:c021:4005:b67e:cdd3:edf1:7dd6:25a9, IN
152.69.199.160, 152.69.199.160, JP
141.144.194.46, 2a0b:21c0:100a:1b4:0:f9a:882e:f43e, DE
132.226.10.16, 2603:c021:8001:1ee:89a8:d8e5:8264:40aa, JP
129.151.134.185, 2603:c025:9f00:36ee:addc:d903:6cb2:1dce, AE
141.147.4.164, 2a0b:21c0:1007:c9:0:69ab:94dc:7db2, DE
192.9.137.105, 2a09:bac1:7680:1cf0::1d3:9f, US
168.138.54.118, 168.138.54.118, JP
152.67.74.221, 152.67.77.138, CH
152.70.63.26, 2a0b:21c0:100a:1fa:0:6b35:c6e7:6fef, DE
150.230.249.48, 150.230.249.48, KR
129.153.165.237, 129.153.165.237, US
144.21.43.36, 2a0b:21c0:100a:1b1:0:5e1f:5a0e:c8f7, DE
146.56.151.2, 146.56.151.2, KR
158.180.77.158, 158.180.77.158, KR
84.235.163.105, 2a0b:21c0:1007:c9:0:4ff9:8960:50e6, DE
150.230.23.56, 23.236.112.222, GB
84.235.170.162, 2a0b:21c0:1007:1c8:0:4bef:ad71:c430, DE
132.145.236.81, 2a0b:21c0:100a:1b6:0:f145:3b17:5ed8, DE
152.70.87.96, 140.83.52.59, JP
146.56.132.247, 146.56.132.247, KR
192.18.159.164, 159.69.57.44, DE
158.180.41.191, 2606:f240:f00:5a42:0:3e84:8804:41cb, US
132.226.199.157, 2a0b:21c0:1007:c9:0:773a:b62a:7c9a, DE
158.180.84.103, 158.180.84.103, KR
158.178.144.113, 2606:f240:f00:a683:0:876:2382:22f1, US
152.70.166.114, 152.70.166.114, DE
141.148.226.134, 2a0b:21c0:100a:1b2:0:29f4:71f7:7358, DE
68.233.112.56, 68.233.112.56, IN
193.123.66.14, 2603:c026:8000:ac00:c38c:48e7:fc39:68b0, AE
129.154.200.161, 2603:c022:8011:a2ef:f2c7:e7bc:45ec:d1d8, KR
152.67.44.148, 152.67.44.148, BR
146.235.16.112, 2603:c024:4509:d1ff::8888, SG
144.24.44.29, 144.24.44.29, US
168.138.36.13, 140.83.52.59, JP
193.122.197.111, 193.122.197.111, US
130.162.132.157, 130.162.132.157, KR
141.148.240.1, 2606:f240:f00:2be4:0:e0d6:2741:7804, US
64.110.80.159, 2603:c022:8003:6387:fe0f:70e:b338:7bf, KR
89.168.113.250, 2a0b:21c0:1007:1ca:0:9927:d5c9:2f7f, DE
89.168.80.235, 2a0b:21c0:1007:cb:0:b43d:f470:44f6, DE
129.146.7.98, 129.146.7.98, US
168.138.12.193, 5.9.106.85, DE
130.162.135.53, 130.162.135.53, KR
192.9.152.156, 192.9.152.156, US
139.185.45.163, 139.185.45.163, AE
130.162.140.215, 130.162.140.215, KR
130.162.45.12, 163.123.193.24, DE
89.168.85.223, 209.177.81.218, US
168.138.52.23, 168.138.52.23, JP
141.147.154.128, 140.83.52.59, JP
132.145.56.142, 132.145.56.142, GB
141.147.63.250, 2606:f240:f00:a683:0:b2bd:755f:8abf, US
141.147.37.104, 2a0b:21c0:1007:ca:0:c6e4:acb2:50a1, DE
193.123.63.245, 2606:f240:f00:a683:0:1928:6367:d4bc, US
141.148.234.48, 2a0b:21c0:100a:1b7:0:8cad:e9b0:cfb9, DE
193.123.69.77, 193.123.69.77, AE
192.18.159.59, 192.18.159.59, CA
158.180.15.23, 2a0b:21c0:100a:1b1:0:50df:a62d:e906, DE
192.9.159.8, 192.9.159.8, US
152.67.67.249, 132.226.221.10, CH
193.122.48.169, 2606:f240:f00:eaf1:0:6fea:cba5:d477, US
152.67.234.157, 152.67.234.157, US
193.123.57.112, 2606:f240:f00:46c4:0:b433:a67d:99a3, US
158.180.84.48, 104.28.207.57, KR
193.123.36.35, 2a0b:21c0:1007:cb:0:284:e1ff:15e, DE
141.144.201.185, 2a0b:21c0:1007:cb:0:5852:3e11:475c, DE
152.70.237.179, 152.70.237.179, KR
140.238.172.76, 152.67.66.149, CH
129.146.60.32, 129.146.60.32, US
152.69.229.196, 152.69.229.196, KR
158.101.222.105, 2606:f240:f00:dd8d:0:7f7b:e13c:4876, US
140.238.145.194, 140.238.145.194, CA
192.18.136.146, 192.18.136.146, US
130.162.226.237, 2a0b:21c0:1007:c9:0:64f7:2078:66ad, DE
138.2.100.68, 138.2.100.68, SG
168.138.44.120, 168.138.44.120, JP
158.101.208.18, 2606:f240:f00:6f50:0:a1f6:9d9e:bf80, US
168.138.182.212, 168.138.182.212, SG
129.153.65.249, 2603:c020:0:ca01:4c0d:4e42:5db9:b27a, US
152.70.249.12, 152.70.249.12, KR
138.3.246.129, 163.123.193.3, DE
158.101.217.180, 2a0b:21c0:1007:1cb:0:46f:6462:b467, DE
193.123.39.186, 2a0b:21c0:1007:1ca:0:a412:ee7f:3352, DE
141.148.243.10, 2a0b:21c0:1007:c7:0:67dc:46dc:1267, DE
193.122.113.89, 193.122.113.89, KR
193.123.62.163, 2a0b:21c0:1007:ca:0:5cf4:def2:f513, DE
144.24.9.126, 144.24.9.126, US
141.148.244.172, 2a0b:21c0:100a:1b5:0:6fa8:513:4204, DE
129.153.61.213, 129.153.61.213, CA
152.70.102.230, 152.70.102.230, JP
168.138.46.67, 168.138.46.67, JP
130.61.23.77, 130.61.23.77, DE
129.150.49.14, 2603:c024:4510:2888::798, SG
132.145.90.167, 132.145.90.167, KR
158.178.158.237, 2606:f240:f00:6f50:0:d108:2b9:e6ec, US
64.110.75.81, 64.110.75.81, KR
152.67.199.68, 152.67.199.68, KR
138.2.99.119, 138.2.99.119, SG
152.67.179.178, 152.67.179.178, IN
144.21.35.168, 2a0b:21c0:1007:c7:0:ac5f:1216:2f4c, DE
152.70.93.196, 152.70.93.196, KR
152.70.242.38, 152.70.242.38, KR
168.138.5.119, 104.28.217.24, AU
141.148.241.229, 2606:f240:f00:6f50:0:2cfe:d597:e632, US
168.138.172.244, 168.138.172.244, SG
84.235.172.215, 2a0b:21c0:1007:1ca:0:1093:d833:c617, DE
213.35.104.126, 213.35.104.126, SG
192.9.138.241, 192.9.138.241, US
141.148.227.239, 2a0b:21c0:1007:c7:0:a32:c29b:7ce5, DE
131.186.28.236, 131.186.28.236, KR
150.230.131.104, 150.230.131.104, IN
143.47.177.188, 2606:f240:f00:a683:0:28f7:799a:9ce1, US
138.3.253.232, 2606:f240:f00:dd8d:0:d6a:fb:e39d, US
168.138.182.226, 2603:c024:4500:617e:bde4:7bf3:749c:7c38, SG
193.123.231.40, 2a09:bac5:4753:dc::16:126, KR
130.61.70.230, 2a0b:21c0:1007:c8:0:4926:c071:62de, DE
130.162.255.187, 98.98.166.190, US
141.145.199.188, 141.145.199.188, FR
138.2.162.240, 98.98.166.58, US
141.144.243.196, 2606:f240:f00:6f50:0:74fc:f058:c570, US
138.2.100.55, 104.28.222.43, SG
155.248.241.77, 2603:c021:4002:802::88, IN
138.2.75.91, 104.28.254.47, SG
130.162.250.183, 2a0b:21c0:1007:c7:0:d821:1562:5a53, DE
130.61.177.222, 130.61.177.222, DE
150.230.63.233, 2603:c023:3:d500:e3fb:2cb5:4477:b2db, JP
139.185.34.131, 139.185.34.131, AE
158.178.156.143, 2606:f240:f00:6f50:0:9b03:e5c2:e1dc, US
141.147.9.149, 2a0b:21c0:1007:1c7:0:5dd0:19f7:1a1e, DE
