149.56.205.23, 2607:5300:203:ab5d::4679:ca1f, CA
51.83.196.27, 51.83.196.27, FR
15.235.167.49, 15.235.167.49, SG
51.178.236.113, 51.178.236.113, FR
162.19.242.205, 162.19.242.205, FR
87.98.174.215, 87.98.174.215, FR
51.89.215.26, 51.89.215.26, GB
51.210.21.183, 51.210.21.183, FR
15.204.42.84, 2604:2dc0:202:300::4b1, US
167.114.67.25, 167.114.67.25, CA
146.59.14.96, 146.59.14.96, FR
51.81.188.100, 2604:2dc0:202:300::116e, US
15.204.42.134, 2604:2dc0:202:300::cc1, US
135.148.139.185, 2604:2dc0:101:200::2677, US
164.132.84.199, 164.132.84.199, FR
162.19.71.209, 162.19.71.209, FR
162.19.65.180, 162.19.65.180, FR
92.222.10.72, 92.222.10.72, FR
192.99.54.60, 192.99.54.60, CA
51.38.66.12, 51.38.66.12, FR
51.254.27.212, 51.254.27.212, FR
37.59.154.42, 37.59.154.42, US
145.239.254.54, 145.239.254.54, FR
145.239.116.231, 145.239.116.231, FR
147.135.10.209, 147.135.10.209, US
198.244.140.174, 198.244.140.174, GB
91.134.247.106, 91.134.247.106, FR
51.79.67.168, 51.79.67.168, CA
57.129.34.196, 57.129.34.196, FR
51.77.102.197, 51.77.102.197, FR
57.128.107.102, 57.128.107.102, FR
51.38.177.191, 51.38.177.191, FR
5.135.110.142, 5.135.110.134, FR
51.210.96.90, 51.210.96.90, FR
51.38.123.206, 51.38.123.206, FR
176.31.133.204, 176.31.133.204, FR
54.37.50.28, 54.37.50.28, FR
145.239.239.29, 145.239.239.29, FR
92.222.232.101, 92.222.232.101, FR
142.44.246.241, 2607:5300:101::676, CA
37.59.246.176, 37.59.246.176, FR
149.56.95.136, 2607:5300:203:a8af::12b1:dc7c, CA
51.83.200.179, 51.83.200.179, FR
51.75.70.34, 51.75.70.34, DE
162.19.129.22, 162.19.129.22, FR
135.125.197.168, 135.125.197.168, FR
164.132.118.110, 159.69.57.44, DE
54.37.221.253, 54.37.221.253, FR
188.165.117.197, 188.165.117.197, FR
15.204.42.133, 2604:2dc0:202:300::e0b, US
5.196.128.215, 5.196.128.215, FR
178.33.107.156, 178.33.107.156, FR
141.94.168.43, 159.69.57.44, DE
51.195.2.191, 2001:41d0:700:2619:45::, FR
51.81.41.201, 2604:2dc0:101:200::26a3, US
51.89.156.178, 2001:41d0:800:45a9::d434:a677, GB
51.38.44.17, 51.38.44.17, FR
57.128.104.38, 57.128.104.38, FR
144.217.161.39, 149.56.135.114, CA
51.77.106.156, 88.99.26.203, DE
167.114.127.123, 167.114.127.123, CA
178.32.239.132, 178.32.239.132, FR
152.228.206.122, 152.228.206.122, FR
176.31.25.251, 176.31.25.251, FR
15.204.86.210, 2604:2dc0:202:300::160f, US
54.36.229.120, 54.36.229.120, FR
145.239.201.240, 145.239.201.240, GB
54.36.198.82, 54.36.198.82, FR
15.204.235.233, 15.204.235.233, US
178.32.117.137, 178.32.117.137, FR
15.204.42.128, 2604:2dc0:202:300::d29, US
145.239.98.15, 145.239.98.15, FR
188.165.126.143, 188.165.126.143, FR
51.254.147.81, 51.254.147.81, FR
141.94.172.7, 141.94.172.7, FR
51.68.142.81, 51.68.142.81, PL
46.105.39.5, 185.147.212.13, FR
51.89.16.122, 51.89.16.122, GB
94.23.157.235, 94.23.157.235, GB
51.79.254.182, 51.79.254.182, SG
135.125.255.37, 135.125.255.37, FR
192.99.166.59, 2607:5300:201:3100::6244, CA
51.91.165.63, 51.91.165.63, FR
51.195.140.209, 51.195.140.209, GB
51.83.139.187, 51.83.139.187, FR
141.94.220.210, 141.94.220.210, FR
51.81.220.93, 2604:2dc0:202:300::cc1, US
54.37.200.25, 54.37.200.25, FR
15.204.11.54, 15.204.11.54, US
54.38.213.187, 54.38.213.187, FR
162.19.12.170, 162.19.12.170, FR
198.244.148.45, 198.244.148.45, GB
51.178.232.243, 51.178.232.243, FR
51.255.154.255, 51.255.154.255, FR
135.125.191.72, 2001:41d0:701:1100::5d87, DE
54.38.140.10, 88.99.26.203, DE
145.239.234.172, 145.239.234.172, FR
5.196.224.112, 5.196.224.112, FR
51.79.250.140, 2402:1f00:8000:800::310d, SG
92.222.246.30, 92.222.246.30, FR
5.135.8.198, 5.135.8.198, FR
51.81.203.84, 2604:2dc0:202:300::4b1, US
57.128.45.205, 159.69.57.44, DE
92.222.246.26, 92.222.246.26, FR
15.204.86.143, 2604:2dc0:202:300::abf, US
137.74.39.249, 137.74.39.249, FR
51.38.237.186, 2001:41d0:305:2100::1c40, FR
51.68.199.84, 51.68.199.84, GB
51.89.74.164, 51.89.74.164, DE
192.99.92.8, 192.99.92.8, CA
135.148.4.33, 135.148.4.33, US
51.68.222.3, 51.68.222.3, FR
51.81.209.10, 51.81.209.10, US
51.38.81.219, 2001:41d0:801:2000::47c2, GB
139.99.170.211, 139.99.170.211, AU
51.79.103.118, 51.79.103.118, CA
51.195.249.114, 51.195.249.114, FR
137.74.71.118, 137.74.71.118, FR
193.43.104.85, 88.99.26.203, DE
15.204.42.124, 2604:2dc0:202:300::428, US
51.89.246.18, 51.89.246.18, GB
188.165.42.10, 188.165.42.10, FR
152.228.149.240, 152.228.149.240, FR
54.38.79.103, 54.38.79.103, GB
198.244.180.191, 2001:41d0:800:1f8e::1e, GB
141.95.127.57, 141.95.127.57, FR
152.228.205.115, 152.228.205.115, FR
147.135.154.46, 2001:41d0:203:6779:a234:1b4d:aec6:91fb, FR
51.254.241.118, 51.254.241.118, FR
51.195.247.147, 51.195.247.147, FR
54.37.105.146, 54.37.105.146, FR
46.105.81.69, 46.105.81.69, FR
51.254.181.114, 51.254.181.114, FR
5.135.8.204, 159.69.57.44, DE
51.89.170.158, 51.89.170.158, GB
162.19.244.138, 162.19.244.138, DE
51.77.105.202, 51.195.149.77, FR
51.89.68.187, 51.89.68.187, GB
192.99.144.166, 192.99.144.166, CA
37.187.98.185, 2001:41d0:a:22b9::1, FR
135.125.217.19, 135.125.217.19, FR
54.38.110.105, 54.38.110.105, FR
51.68.185.188, 51.68.185.188, FR
79.137.125.62, 79.137.125.62, FR
46.105.50.14, 46.105.50.14, FR
144.217.87.174, 144.217.87.174, CA
162.19.214.214, 162.19.214.128, FR
51.68.140.182, 51.68.140.182, PL
162.19.190.178, 162.19.190.178, FR
91.121.57.54, 88.99.26.203, DE
141.94.86.70, 2001:41d0:403:536d::5445:4369, FR
198.244.148.214, 198.244.148.214, GB
51.79.255.30, 51.79.255.30, SG
51.83.43.151, 51.83.43.151, FR
5.135.125.83, 2001:41d0:203:654d::d198:753b, FR
15.204.255.243, 2604:2dc0:101:200::116a, US
162.19.242.222, 162.19.242.222, FR
51.254.87.71, 51.254.87.71, FR
37.187.67.241, 37.187.67.241, FR
92.222.246.19, 92.222.246.19, FR
15.204.42.129, 2604:2dc0:202:300::fb4, US
178.32.96.130, 178.32.96.130, FR
178.32.116.120, 88.99.26.203, DE
162.19.211.138, 104.28.193.47, US
79.137.104.25, 79.137.104.25, FR
51.79.111.70, 51.79.111.70, CA
57.129.23.42, 57.129.23.42, FR
51.89.156.171, 2001:41d0:800:45a9::e785:98d8, GB
162.19.70.98, 159.69.57.44, DE
151.80.76.241, 151.80.76.241, FR
54.38.153.80, 54.38.153.80, FR
149.56.14.62, 149.56.14.62, CA
162.19.174.89, 162.19.174.89, FR
51.81.220.84, 2604:2dc0:202:300::1771, US
87.98.236.77, 87.98.236.77, PL
141.94.86.81, 141.94.86.81, FR
51.38.68.52, 2001:41d0:801:2000::2ac8, GB
51.195.200.227, 2001:41d0:801:2000::378, GB
15.204.86.93, 2604:2dc0:202:300::116e, US
51.77.140.38, 51.77.140.38, FR
51.91.40.26, 51.91.40.26, ES
51.81.220.27, 2604:2dc0:202:300::d29, US
137.74.151.51, 137.74.151.51, FR
51.178.123.223, 51.178.123.223, FR
51.195.165.203, 51.195.165.203, FR
217.182.211.165, 159.69.57.44, DE
193.70.25.79, 5.9.106.76, DE
51.75.63.212, 51.75.63.212, FR
137.74.17.28, 137.74.17.28, FR
51.178.206.70, 51.178.206.70, FR
51.38.122.200, 51.38.122.200, FR
137.74.83.194, 137.74.83.194, FR
51.195.225.27, 51.195.225.27, FR
51.89.252.120, 88.99.26.203, DE
149.56.162.197, 149.56.162.197, CA
15.204.42.130, 2604:2dc0:202:300::160f, US
135.125.71.210, 135.125.71.210, FR
15.204.42.127, 2604:2dc0:202:300::4f8, US
57.128.122.134, 57.128.122.134, FR
54.39.98.204, 2607:5300:201:3100::69ed, CA
162.19.3.87, 162.19.3.87, FR
51.68.140.167, 2001:41d0:601:1100::1628, PL
167.114.90.216, 167.114.90.216, CA
162.19.214.172, 162.19.214.172, FR
51.255.110.238, 51.255.110.238, FR
15.204.42.121, 2604:2dc0:202:300::abf, US
15.204.86.22, 2604:2dc0:202:300::4f8, US
51.81.209.90, 51.81.209.90, US
162.19.219.21, 162.19.214.128, FR
51.68.214.162, 2001:41d0:801:2000::29e2, GB
51.81.220.184, 2604:2dc0:202:300::a84, US
46.105.50.58, 46.105.50.58, FR
5.135.175.156, 5.135.175.156, FR
54.37.90.203, 2001:41d0:700:4265:a261:3921:42de:46b8, FR
51.68.169.120, 51.68.169.120, FR
146.59.35.17, 54.38.62.62, FR
51.178.39.110, 51.178.39.110, FR
37.59.205.7, 37.59.205.7, FR
15.204.249.115, 2604:2dc0:101:200::26a3, US
51.255.157.136, 51.255.157.136, FR
15.204.42.132, 2604:2dc0:202:300::d1f, US
152.228.212.93, 159.69.57.44, DE
79.137.114.130, 79.137.114.130, FR
15.204.86.92, 2604:2dc0:202:300::d1f, US
217.182.252.186, 217.182.252.186, FR
198.50.131.185, 198.50.131.185, US
51.38.123.205, 51.38.123.205, FR
54.37.235.201, 54.37.235.201, FR
5.135.8.193, 88.99.26.203, DE
139.99.170.34, 139.99.170.34, AU
5.135.4.93, 5.135.4.93, FR
193.43.104.6, 104.28.217.81, DE
51.195.220.191, 2001:41d0:801:2000::f7b, GB
151.80.152.25, 2001:41d0:401:3000::24da, FR
51.254.6.14, 51.254.6.14, FR
5.135.8.206, 5.9.106.76, DE
193.70.25.74, 193.70.25.74, FR
15.204.86.32, 2604:2dc0:202:300::fb4, US
5.196.6.188, 2001:41d0:52:700::228, FR
145.239.235.216, 145.239.235.216, DE
57.129.34.62, 159.69.57.44, DE
51.195.236.151, 88.99.26.203, DE
54.37.206.168, 54.37.206.168, FR
188.165.187.103, 188.165.187.103, FR
51.83.253.244, 51.83.253.244, PL
162.19.215.35, 162.19.215.35, FR
86.38.156.230, 86.38.156.230, LT
51.81.203.44, 2604:2dc0:202:300::428, US
135.148.133.100, 2604:2dc0:100:4b2e::4d5:626c, US
51.83.52.172, 51.83.52.172, FR
162.19.214.128, 162.19.214.128, FR
54.38.62.62, 54.38.62.62, FR
51.38.153.140, 51.38.153.140, FR
193.43.104.159, 193.43.104.159, DE
141.95.150.200, 141.95.150.200, FR
15.204.210.176, 15.204.210.176, US
51.222.142.249, 51.222.142.249, CA
5.135.83.214, 5.135.83.214, FR
51.75.188.62, 51.75.188.62, FR
141.95.174.7, 141.95.174.7, FR
178.32.105.156, 178.32.105.156, FR
51.210.183.2, 51.210.183.2, FR
51.89.158.30, 51.89.158.30, GB
149.56.135.114, 149.56.135.114, CA
51.255.51.172, 2001:41d0:401:3000::1ff1, FR
141.94.120.135, 141.94.120.135, FR
57.128.160.33, 57.128.160.33, FR
51.195.107.31, 2001:41d0:701:1100::6f41, DE
87.98.178.38, 87.98.178.38, FR
15.204.86.216, 2604:2dc0:202:300::e0b, US
198.50.159.163, 51.222.207.187, CA
87.98.182.170, 87.98.182.170, FR
198.244.211.236, 2001:41d0:800:14ee:1df0:7270:de02:1, GB
162.19.218.246, 162.19.218.246, FR
54.37.198.211, 54.37.198.211, FR
51.195.149.77, 51.195.149.77, FR
51.83.139.180, 51.83.139.180, FR
66.70.155.110, 66.70.155.110, CA
152.228.191.232, 152.228.191.1, FR
51.254.78.223, 51.254.78.223, FR
178.33.145.107, 2001:41d0:303:f072:40c6:edc1:0:1, FR
139.99.236.163, 139.99.236.163, AU
51.210.179.47, 185.147.212.13, FR
79.137.24.15, 79.137.24.15, FR
51.195.164.139, 51.195.164.139, FR
149.56.95.133, 2607:5300:203:a8af::12b1:dc7c, CA
