202.91.32.146, 202.91.32.146, US
155.94.170.96, 155.94.170.96, US
204.44.95.13, 204.44.95.13, US
202.91.32.13, 88.99.26.203, DE
141.11.94.146, 141.11.94.146, US
104.234.60.63, 104.234.60.63, CA
31.220.14.98, 31.220.14.98, US
185.238.249.156, 88.99.26.203, DE
104.234.25.253, 104.234.25.253, CA
204.44.96.137, 204.44.96.137, US
172.98.14.123, 172.98.14.123, XX
103.79.79.192, 103.79.79.192, US
202.91.32.91, 202.91.32.91, US
31.220.14.140, 31.220.14.140, US
107.150.6.155, 107.150.6.155, US
173.254.236.103, 173.254.236.103, US
104.223.98.5, 104.223.98.5, US
141.11.208.77, 141.11.208.77, US
62.192.173.61, 2a09:bac5:624e:8c::e:287, US
141.11.210.140, 141.11.210.140, US
31.220.14.72, 31.220.14.72, US
155.94.201.144, 155.94.201.144, US
141.11.210.22, 141.11.210.22, US
172.98.14.5, 172.98.14.5, XX
66.154.116.165, 66.154.116.162, US
141.11.137.104, 141.11.137.104, US
104.234.60.180, 104.234.60.180, CA
204.44.96.138, 204.44.96.138, US
