103.237.95.7, 103.237.95.109, SG
103.237.95.236, 103.237.95.26, SG
103.237.95.232, 103.237.95.56, SG
117.103.190.57, 117.103.190.57, JP
103.237.95.63, 103.237.95.92, SG
117.103.190.106, 117.103.190.106, JP
103.237.95.182, 103.237.95.32, SG
103.237.95.101, 103.237.95.57, SG
103.237.95.71, 103.237.95.236, SG
103.237.95.213, 103.237.95.57, SG
103.237.95.198, 103.237.95.30, SG
117.103.190.114, 117.103.190.114, JP
103.237.95.23, 103.237.95.203, SG
103.237.95.50, 103.237.95.12, SG
103.237.95.141, 103.237.95.168, SG
117.103.190.43, 117.103.190.43, JP
103.237.95.216, 103.237.95.116, SG
103.237.95.26, 103.237.95.119, SG
103.237.95.84, 103.237.95.218, SG
117.103.190.42, 117.103.190.42, JP
117.103.190.39, 117.103.190.39, JP
103.237.95.233, 103.237.95.172, SG
103.237.95.47, 103.237.95.134, SG
103.237.95.115, 103.237.95.227, SG
117.103.190.66, 117.103.190.66, JP
103.237.95.8, 103.237.95.205, SG
103.237.95.98, 103.237.95.194, SG
117.103.190.6, 117.103.190.6, JP
103.237.95.248, 103.237.95.186, SG
117.103.190.96, 117.103.190.96, JP
103.237.95.85, 103.237.95.193, SG
103.237.95.91, 103.237.95.187, SG
103.237.95.70, 103.237.95.146, SG
103.237.95.108, 103.237.95.191, SG
103.237.95.226, 103.237.95.77, SG
103.237.95.183, 103.237.95.253, SG
103.237.95.83, 103.237.95.218, SG
103.237.95.230, 103.237.95.34, SG
103.237.95.145, 103.237.95.20, SG
103.237.95.89, 103.237.95.154, SG
117.103.190.88, 117.103.190.88, JP
117.103.190.29, 117.103.190.29, JP
103.237.95.254, 103.237.95.231, SG
117.103.190.27, 117.103.190.27, JP
103.237.95.252, 103.237.95.16, SG
103.237.95.253, 103.237.95.6, SG
103.237.95.20, 103.237.95.81, SG
103.237.95.218, 103.237.95.236, SG
117.103.190.62, 117.103.190.62, JP
103.237.95.48, 103.237.95.213, SG
103.237.95.27, 103.237.95.10, SG
103.237.95.219, 103.237.95.47, SG
103.237.95.250, 103.237.95.225, SG
103.237.95.30, 103.237.95.92, SG
103.237.95.199, 103.237.95.123, SG
103.237.95.164, 103.237.95.210, SG
117.103.190.97, 117.103.190.97, JP
103.237.95.132, 103.237.95.244, SG
103.237.95.37, 103.237.95.11, SG
103.237.95.69, 103.237.95.128, SG
117.103.190.31, 117.103.190.31, JP
103.237.95.127, 103.237.95.12, SG
103.237.95.192, 103.237.95.63, SG
103.237.95.134, 103.237.95.61, SG
103.237.95.220, 103.237.95.214, SG
103.237.95.86, 103.237.95.132, SG
103.237.95.120, 103.237.95.99, SG
103.237.95.112, 103.237.95.213, SG
103.237.95.215, 103.237.95.243, SG
103.237.95.102, 103.237.95.207, SG
103.237.95.166, 103.237.95.233, SG
103.237.95.227, 103.237.95.31, SG
103.237.95.110, 103.237.95.228, SG
117.103.190.44, 117.103.190.44, JP
117.103.190.73, 117.103.190.73, JP
103.237.95.188, 103.237.95.228, SG
103.237.95.246, 103.237.95.41, SG
103.237.95.93, 103.237.95.71, SG
103.237.95.32, 103.237.95.244, SG
117.103.190.110, 117.103.190.110, JP
103.237.95.66, 103.237.95.230, SG
117.103.190.28, 117.103.190.28, JP
103.237.95.113, 103.237.95.136, SG
103.237.95.107, 103.237.95.129, SG
103.237.95.234, 103.237.95.13, SG
103.237.95.159, 103.237.95.98, SG
103.237.95.121, 103.237.95.182, SG
103.237.95.155, 103.237.95.78, SG
117.103.190.90, 117.103.190.90, JP
117.103.190.94, 117.103.190.94, JP
117.103.190.111, 117.103.190.111, JP
117.103.190.87, 117.103.190.87, JP
117.103.190.123, 117.103.190.123, JP
103.237.95.56, 103.237.95.27, SG
117.103.190.122, 117.103.190.122, JP
117.103.190.16, 117.103.190.16, JP
117.103.190.129, 117.103.190.129, JP
117.103.190.107, 117.103.190.107, JP
103.237.95.240, 103.237.95.89, SG
103.237.95.55, 103.237.95.77, SG
103.237.95.247, 103.237.95.105, SG
103.237.95.176, 103.237.95.8, SG
103.237.95.52, 103.237.95.211, SG
117.103.190.116, 117.103.190.116, JP
103.237.95.2, 103.237.95.159, SG
117.103.190.84, 117.103.190.84, JP
103.237.95.49, 103.237.95.40, SG
103.237.95.43, 103.237.95.14, SG
103.237.95.13, 103.237.95.28, SG
103.237.95.131, 103.237.95.164, SG
103.237.95.136, 103.237.95.141, SG
103.237.95.140, 103.237.95.176, SG
117.103.190.68, 117.103.190.68, JP
103.237.95.46, 103.237.95.76, SG
103.237.95.95, 103.237.95.232, SG
103.237.95.175, 103.237.95.252, SG
103.237.95.235, 103.237.95.178, SG
117.103.190.126, 117.103.190.126, JP
117.103.190.41, 117.103.190.41, JP
103.237.95.239, 103.237.95.79, SG
103.237.95.105, 103.237.95.108, SG
103.237.95.162, 103.237.95.132, SG
103.237.95.122, 103.237.95.28, SG
103.237.95.187, 103.237.95.8, SG
103.237.95.160, 103.237.95.70, SG
103.237.95.41, 103.237.95.227, SG
103.237.95.167, 103.237.95.89, SG
103.237.95.177, 103.237.95.244, SG
103.237.95.104, 103.237.95.33, SG
117.103.190.78, 117.103.190.78, JP
117.103.190.70, 117.103.190.70, JP
117.103.190.25, 117.103.190.25, JP
117.103.190.19, 117.103.190.19, JP
103.237.95.31, 103.237.95.136, SG
103.237.95.10, 103.237.95.129, SG
117.103.190.23, 117.103.190.23, JP
103.237.95.62, 103.237.95.38, SG
103.237.95.157, 103.237.95.216, SG
103.237.95.114, 103.237.95.206, SG
103.237.95.208, 103.237.95.172, SG
103.237.95.224, 103.237.95.29, SG
117.103.190.81, 117.103.190.81, JP
103.237.95.67, 103.237.95.101, SG
103.237.95.11, 103.237.95.137, SG
103.237.95.244, 103.237.95.69, SG
103.237.95.179, 103.237.95.115, SG
117.103.190.52, 117.103.190.52, JP
117.103.190.67, 117.103.190.67, JP
117.103.190.36, 117.103.190.36, JP
103.237.95.96, 103.237.95.237, SG
117.103.190.120, 117.103.190.120, JP
103.237.95.21, 103.237.95.67, SG
117.103.190.79, 117.103.190.79, JP
103.237.95.19, 103.237.95.95, SG
103.237.95.225, 103.237.95.117, SG
103.237.95.18, 103.237.95.41, SG
103.237.95.158, 103.237.95.9, SG
103.237.95.58, 103.237.95.156, SG
117.103.190.124, 117.103.190.124, JP
103.237.95.80, 103.237.95.21, SG
103.237.95.44, 103.237.95.246, SG
103.237.95.42, 103.237.95.170, SG
103.237.95.118, 103.237.95.199, SG
103.237.95.33, 103.237.95.137, SG
103.237.95.170, 103.237.95.30, SG
117.103.190.48, 117.103.190.48, JP
103.237.95.78, 103.237.95.176, SG
103.237.95.172, 103.237.95.231, SG
103.237.95.151, 103.237.95.176, SG
117.103.190.121, 117.103.190.121, JP
103.237.95.207, 103.237.95.214, SG
103.237.95.178, 103.237.95.215, SG
103.237.95.117, 103.237.95.200, SG
103.237.95.249, 103.237.95.201, SG
103.237.95.123, 103.237.95.59, SG
103.237.95.88, 103.237.95.128, SG
117.103.190.46, 117.103.190.46, JP
103.237.95.87, 103.237.95.163, SG
103.237.95.195, 103.237.95.202, SG
117.103.190.71, 117.103.190.71, JP
117.103.190.115, 117.103.190.115, JP
103.237.95.75, 103.237.95.119, SG
117.103.190.53, 117.103.190.53, JP
117.103.190.113, 117.103.190.113, JP
103.237.95.16, 103.237.95.141, SG
103.237.95.201, 103.237.95.37, SG
103.237.95.241, 103.237.95.19, SG
103.237.95.185, 103.237.95.31, SG
117.103.190.13, 117.103.190.13, JP
117.103.190.119, 117.103.190.119, JP
117.103.190.82, 117.103.190.82, JP
103.237.95.130, 103.237.95.113, SG
103.237.95.180, 103.237.95.125, SG
103.237.95.191, 103.237.95.219, SG
103.237.95.181, 103.237.95.33, SG
117.103.190.14, 117.103.190.14, JP
103.237.95.126, 103.237.95.139, SG
103.237.95.189, 103.237.95.109, SG
117.103.190.54, 117.103.190.54, JP
103.237.95.97, 103.237.95.111, SG
117.103.190.33, 117.103.190.33, JP
