43.153.89.157, 43.153.89.157, US
43.130.41.9, 43.130.41.9, US
43.131.49.250, 43.131.49.250, DE
43.134.2.191, 43.134.2.191, SG
43.130.62.66, 5.9.106.85, DE
43.134.104.242, 43.134.104.242, SG
43.153.103.203, 43.153.103.203, US
124.156.202.172, 124.156.202.172, SG
43.153.178.224, 43.153.178.224, JP
43.153.31.207, 1.117.8.49, CN
119.28.154.197, 119.28.239.50, KR
101.32.68.154, 101.32.68.154, HK
43.134.186.58, 43.134.186.58, SG
43.154.96.33, 43.154.96.33, HK
43.128.68.89, 43.128.68.89, SG
43.153.4.246, 43.153.4.246, US
43.153.181.217, 43.153.181.217, JP
170.106.65.222, 170.106.65.222, US
49.51.72.59, 49.51.72.59, US
43.134.18.126, 43.134.18.126, SG
49.51.73.243, 195.201.198.107, DE
49.51.229.106, 49.51.229.106, US
43.153.95.15, 43.153.95.15, US
49.51.197.141, 49.51.197.141, US
43.156.27.249, 43.156.27.249, SG
43.153.34.24, 43.153.34.24, US
101.33.116.13, 101.33.116.13, HK
43.153.91.12, 43.153.91.12, US
43.153.192.165, 195.201.198.107, DE
49.51.180.234, 49.51.180.234, US
43.163.3.63, 43.163.3.63, SG
124.156.238.155, 124.156.238.155, JP
43.156.69.80, 43.156.69.80, SG
43.156.116.194, 43.156.116.194, SG
43.134.172.3, 43.134.172.3, SG
43.156.181.203, 101.32.239.42, SG
124.156.202.46, 43.156.90.66, SG
43.153.29.134, 43.153.29.134, US
101.32.192.209, 101.32.192.209, HK
43.155.182.248, 43.155.182.248, KR
43.134.180.93, 43.134.180.93, SG
119.28.251.95, 119.28.251.95, IN
43.154.209.116, 43.154.209.116, HK
43.153.80.208, 43.153.80.208, US
43.156.117.152, 43.156.117.152, SG
43.128.81.216, 43.128.81.216, SG
43.132.164.206, 43.132.164.206, HK
124.156.147.197, 124.156.147.197, HK
43.156.34.207, 43.156.34.207, SG
170.106.35.96, 170.106.35.96, US
43.135.159.102, 43.135.159.102, US
43.154.32.220, 43.154.32.220, HK
49.51.46.56, 49.51.46.56, US
43.153.28.216, 43.153.28.216, US
