64.176.181.211, 2a05:f480:3400:2fcc:5400:4ff:feb9:38b0, GB
95.179.154.207, 159.69.57.44, DE
149.28.42.194, 149.28.42.194, US
66.42.72.109, 2001:19f0:8001:e23:5400:4ff:fe9a:4520, US
140.82.45.237, 140.82.45.237, US
104.156.231.156, 104.156.231.156, US
137.220.40.70, 137.220.40.70, US
208.83.234.234, 208.83.234.234, US
136.244.81.87, 5.9.106.85, DE
78.141.236.154, 78.141.236.154, GB
155.138.209.175, 155.138.209.175, US
108.61.149.151, 2001:19f0:5:6ae1:5400:4ff:feb4:9cb6, US
65.20.114.6, 65.20.114.6, SE
45.76.196.51, 45.76.196.51, JP
45.32.25.171, 45.32.25.171, JP
149.248.1.216, 149.248.1.216, US
45.76.33.102, 2a01:4f9:2a:2171::2, DE
167.179.69.8, 2001:19f0:7001:15:5400:4ff:febb:2859, JP
104.238.177.113, 2001:19f0:6c00:121d:5400:4ff:fead:d807, DE
216.128.184.207, 216.128.184.207, CA
149.28.67.211, 2001:19f0:6001:14d5:5400:4ff:feb9:8ec3, US
216.238.108.127, 216.238.108.127, BR
64.176.178.223, 64.176.178.223, GB
95.179.228.171, 2001:19f0:7402:1a76:5400:4ff:feb5:d175, GB
155.138.128.135, 155.138.128.135, CA
68.232.175.233, 2001:19f0:5:3b21:5400:4ff:fe02:3f8f, US
45.76.254.15, 45.76.254.15, US
45.77.109.191, 45.77.109.191, US
64.176.53.246, 64.176.53.246, JP
140.82.38.247, 2a01:4f9:2a:2171::2, DE
185.92.221.70, 185.92.221.70, NL
45.32.51.163, 2001:19f0:7001:5f5c:5400:4ff:feb6:3529, JP
45.77.228.65, 45.77.228.65, GB
208.85.18.49, 2a05:f480:2800:1020:5400:4ff:febf:4821, ES
192.248.169.207, 192.248.169.207, GB
144.202.80.125, 2001:19f0:8001:b57:5400:4ff:fe58:94c7, US
192.248.190.56, 2001:19f0:6c01:163:5400:4ff:feb7:2a3a, DE
64.176.180.49, 64.176.180.49, GB
155.138.246.108, 155.138.246.108, US
64.176.186.233, 64.176.186.233, GB
108.61.179.247, 108.61.179.247, DE
45.77.236.204, 45.77.236.204, AU
45.63.117.200, 192.248.188.172, DE
136.244.103.151, 136.244.103.151, NL
144.202.88.50, 144.202.88.50, US
136.244.109.176, 136.244.109.176, NL
95.179.159.158, 2a05:f480:1400:2d26:5400:4ff:feb5:4f66, NL
70.34.215.181, 70.34.215.181, SE
141.164.51.185, 2401:c080:1c00:27a9:5400:4ff:fea4:d062, KR
45.32.179.160, 2001:19f0:7400:1341:5400:4ff:fec3:58cb, GB
45.76.169.237, 45.76.169.237, US
45.76.177.29, 45.76.177.29, SG
45.77.82.190, 45.77.82.190, US
45.76.219.167, 45.76.219.167, JP
45.32.167.198, 45.32.167.198, US
66.135.19.169, 2001:19f0:1000:2fdc:5400:4ff:fe68:1fa8, US
45.77.124.152, 2001:19f0:6001:1fcb:5400:4ff:feba:1a39, US
64.176.41.128, 64.176.41.128, JP
149.28.94.159, 149.28.94.159, US
78.141.224.218, 78.141.224.218, GB
104.238.167.173, 5.9.106.85, DE
64.176.220.22, 2001:19f0:1000:28c1:5400:4ff:feae:93ad, US
45.63.48.40, 45.63.48.40, US
144.202.16.224, 144.202.16.224, US
149.28.19.108, 149.28.19.108, JP
108.61.123.146, 2a05:f480:1c00:8a6:5400:4ff:febb:84c1, FR
209.250.234.187, 209.250.234.187, DE
80.240.26.247, 2001:19f0:6c01:2337:5400:4ff:feb4:a036, DE
66.135.8.216, 66.135.8.216, US
149.248.8.191, 2001:19f0:6001:51a4:5400:4ff:febb:8863, US
45.76.92.208, 159.69.57.44, DE
45.32.150.239, 2a05:f480:1c00:721:5400:4ff:febc:4597, FR
108.61.171.216, 108.61.171.216, DE
66.42.111.220, 2001:19f0:6001:315d:5400:3ff:fe51:a6cf, US
173.199.117.101, 173.199.117.101, US
104.207.132.10, 2001:19f0:1000:144f::, US
78.141.212.234, 2a05:f480:1400:2d26:5400:4ff:feb5:4f66, NL
199.247.15.22, 5.9.106.85, DE
104.238.176.182, 2001:19f0:6c01:14f4:5400:4ff:fec2:6995, DE
207.148.105.247, 207.148.105.247, JP
95.179.157.66, 2a05:f480:1400:2317:5400:4ff:fec1:2355, NL
64.176.46.50, 2401:c080:3800:276a:5400:4ff:fe9e:e32f, JP
149.28.48.85, 2001:19f0:1000:298e:5400:4ff:fe6f:597e, US
64.176.184.138, 195.201.198.107, DE
45.63.114.83, 45.63.114.83, FR
45.77.9.114, 2001:19f0:7001:38d3:5400:3ff:fe3d:eeb7, JP
108.61.99.187, 5.9.106.85, DE
149.28.70.205, 2001:19f0:6000:9d32:5400:4ff:fe73:6376, US
78.141.227.163, 78.141.227.163, GB
185.92.220.12, 2a01:4f9:2a:2171::2, DE
139.84.162.197, 2401:c080:3400:24c1:5400:4ff:fe9f:25ba, IN
192.248.186.138, 2001:19f0:6c01:2ff6:5400:4ff:fec1:855d, DE
64.176.212.226, 2001:19f0:1000:151c:5400:4ff:fe95:f45e, US
107.191.40.107, 2001:19f0:1000:2ac2:5400:4ff:feb6:be5b, US
217.69.7.38, 217.69.7.38, FR
136.244.118.243, 136.244.118.243, FR
45.32.128.48, 45.32.128.48, US
104.238.156.98, 104.238.156.98, US
104.238.132.61, 2001:19f0:1000:6c79:5400:4ff:fea5:78be, US
207.246.122.137, 2a09:bac5:a2fb:1973::289:30, US
108.61.208.73, 2a01:4f9:2a:1d45::2, DE
45.76.134.254, 2001:19f0:7400:2ff2:5400:4ff:feb4:c1c7, GB
66.42.32.115, 66.42.32.115, JP
139.180.142.104, 2401:c080:1400:55d5:5400:4ff:fe25:5082, SG
45.76.198.248, 2001:19f0:7001:ac1:5400:4ff:fe39:38a4, JP
137.220.34.134, 2001:19f0:8001:17e8:5400:3ff:fe85:9a1d, US
70.34.195.58, 5.9.106.85, DE
202.182.124.26, 202.182.124.26, JP
108.61.219.125, 2001:19f0:6001:e56:5400:4ff:fe85:f2fb, US
216.238.116.5, 216.238.116.5, BR
45.63.16.51, 104.28.215.136, US
216.238.71.107, 216.238.71.107, MX
95.179.197.216, 95.179.197.216, GB
45.77.41.90, 2401:c080:1400:7568:5400:4ff:feba:5ed7, SG
137.220.58.249, 2001:19f0:5c00:11ba:5400:4ff:fe68:8c4a, US
139.180.198.185, 139.180.198.185, JP
136.244.110.202, 159.69.57.44, DE
149.28.9.191, 2001:19f0:8001:1f1f:5400:4ff:febe:61d0, US
45.63.117.144, 2a01:4f9:2a:2171::2, DE
108.61.199.223, 108.61.199.223, NL
95.179.163.223, 5.9.106.85, DE
192.248.188.172, 192.248.188.172, DE
209.250.236.242, 195.201.198.107, DE
104.238.152.12, 2001:19f0:8001:4d9:5400:4ff:fec2:83fc, US
78.141.237.231, 78.141.237.231, GB
95.179.203.9, 2001:19f0:7402:197f:5400:4ff:feaa:5d4b, GB
136.244.99.210, 136.244.99.210, NL
192.248.146.105, 159.69.57.44, DE
45.77.219.108, 45.77.219.108, US
149.28.77.39, 149.28.77.39, US
149.28.21.106, 149.28.21.106, JP
149.28.211.120, 2001:19f0:ac00:4370:5400:4ff:febb:6d30, US
