23.165.200.71, 23.165.200.71, US
45.131.153.86, 45.131.153.86, DE
45.80.188.138, 2a09:0:9::148, DE
78.142.195.253, 2a0c:59c0:12::208, NL
78.142.193.106, 78.142.193.106, NL
78.142.193.106, 78.142.193.106, NL
78.142.195.147, 78.142.195.147, NL
78.142.195.253, 2a0c:59c0:12::208, NL
78.142.231.118, 78.142.231.118, NL
88.214.23.126, 88.214.23.126, DE
78.142.195.147, 78.142.195.147, NL
104.255.64.31, 104.255.64.31, NL
104.255.65.75, 104.255.65.75, NL
185.49.33.5, 2a0b:89c1:2::1db, GB
185.194.53.230, 185.194.53.230, EE
192.109.228.26, 2a0c:59c0:12::163, NL
213.232.113.69, 213.232.113.69, DE
185.222.217.56, 88.99.26.203, DE
45.66.130.90, 45.66.130.90, JP
45.143.234.76, 2a12:a301:1::1d3, JP
45.143.235.213, 45.143.235.213, JP
103.150.8.85, 103.150.8.85, JP
45.159.50.21, 88.99.26.203, DE
109.107.137.46, 2403:71c0:2000:b3c4::4352, JP
109.107.140.162, 2403:71c0:2000:b369::6aed, JP
45.159.50.240, 159.69.57.44, DE
45.159.51.239, 159.69.57.44, DE
195.245.241.130, 88.99.26.203, DE
103.121.209.64, 159.69.57.44, DE
103.201.130.21, 103.201.130.21, JP
103.201.130.237, 2a12:a301:2::1304, JP
45.78.25.129, 45.78.25.129, HK
45.87.167.68, 45.87.167.68, US
166.88.77.189, 2400:8d60:6::2754:ae0d, HK
