46.37.120.17, 193.118.42.34, DE
128.14.96.176, 128.14.96.175, HK
128.14.96.188, 128.14.96.180, HK
193.118.37.132, 193.118.42.34, DE
128.14.96.172, 128.14.96.178, HK
128.14.96.180, 128.14.96.175, HK
46.37.120.24, 193.118.42.34, DE
128.14.96.174, 128.14.96.181, HK
98.98.238.74, 163.181.38.153, SG
128.14.96.171, 128.14.96.161, HK
46.37.120.22, 193.118.42.34, DE
23.90.144.168, 23.90.151.62, DE
23.90.144.171, 23.90.151.62, DE
62.72.188.123, 23.90.151.62, DE
193.118.37.131, 193.118.42.34, DE
128.1.31.13, 165.225.113.73, SG
193.118.42.34, 193.118.42.34, DE
62.72.188.122, 23.90.151.62, DE
46.37.120.13, 193.118.42.34, DE
128.14.96.162, 128.14.96.171, HK
62.72.188.119, 23.90.151.62, DE
129.227.139.137, 129.227.139.137, HK
62.72.188.114, 23.90.151.62, DE
98.98.118.82, 163.181.19.150, ID
46.37.120.23, 193.118.42.34, DE
128.14.96.170, 128.14.96.177, HK
193.118.37.133, 193.118.42.34, DE
193.118.37.134, 193.118.42.34, DE
128.14.96.177, 128.14.96.165, HK
62.72.188.112, 23.90.151.62, DE
46.37.120.9, 193.118.42.34, DE
62.72.188.120, 23.90.151.62, DE
46.37.120.15, 193.118.42.34, DE
46.37.120.28, 193.118.42.34, DE
128.14.96.179, 128.14.96.172, HK
46.37.120.19, 193.118.42.34, DE
62.72.188.126, 23.90.151.62, DE
193.118.46.234, 193.118.46.234, US
62.72.188.121, 23.90.151.62, DE
128.14.96.183, 128.14.96.185, HK
46.37.120.3, 193.118.42.34, DE
193.118.37.197, 193.118.46.234, US
46.37.120.20, 193.118.42.34, DE
62.72.188.111, 23.90.151.62, DE
128.14.96.186, 128.14.96.182, HK
46.37.120.29, 193.118.42.34, DE
62.72.188.115, 23.90.151.62, DE
128.14.96.163, 128.14.96.169, HK
46.37.120.26, 193.118.42.34, DE
46.37.120.27, 193.118.42.34, DE
128.14.96.175, 128.14.96.185, HK
128.14.96.178, 128.14.96.165, HK
128.14.96.164, 128.14.96.182, HK
128.14.96.185, 128.14.96.188, HK
62.72.188.127, 23.90.151.62, DE
46.37.120.8, 193.118.42.34, DE
23.90.144.169, 23.90.151.62, DE
46.37.120.4, 193.118.42.34, DE
128.14.96.167, 128.14.96.174, HK
46.37.120.6, 193.118.42.34, DE
128.14.96.165, 128.14.96.166, HK
62.72.188.110, 23.90.151.62, DE
128.14.96.169, 128.14.96.161, HK
62.72.188.125, 23.90.151.62, DE
128.14.96.184, 128.14.96.186, HK
46.37.120.21, 193.118.42.34, DE
46.37.120.25, 193.118.42.34, DE
128.14.96.189, 128.14.96.172, HK
128.14.96.160, 128.14.96.163, HK
62.72.188.117, 23.90.151.62, DE
156.59.130.103, 163.181.38.153, SG
193.118.37.196, 193.118.46.234, US
128.14.96.187, 128.14.96.185, HK
128.14.96.161, 128.14.96.170, HK
46.37.120.5, 193.118.42.34, DE
62.72.188.116, 23.90.151.62, DE
62.72.188.113, 23.90.151.62, DE
128.14.96.173, 128.14.96.184, HK
23.90.151.62, 23.90.151.62, DE
46.37.120.18, 193.118.42.34, DE
128.14.96.168, 128.14.96.172, HK
23.90.144.167, 23.90.151.62, DE
128.14.96.181, 128.14.96.171, HK
46.37.120.10, 193.118.42.34, DE
46.37.120.11, 193.118.42.34, DE
46.37.120.7, 193.118.42.34, DE
128.14.96.182, 128.14.96.182, HK
193.118.37.198, 193.118.46.234, US
192.169.127.184, 23.251.99.26, US
193.118.37.194, 193.118.46.234, US
23.90.144.170, 23.90.151.62, DE
62.72.188.118, 23.90.151.62, DE
46.37.120.12, 193.118.42.34, DE
128.14.96.166, 128.14.96.171, HK
46.37.120.2, 193.118.42.34, DE
98.98.119.110, 163.181.19.166, ID
128.1.18.29, 23.251.99.26, US
46.37.120.16, 193.118.42.34, DE
62.72.188.124, 23.90.151.62, DE
193.118.37.195, 193.118.46.234, US
46.37.120.14, 193.118.42.34, DE
